,Jurisdiction,year,County,DiversionRateHouse,DiversionRateNoOfEmployee,MedianHouseValue,MedianGrossRent,Jurisdiction_stat,Bins,D.R.E_category,D.R.H_category,Population,MedianAge,Latino,White,Black,Asian,LaberFocre,LaberForceEmplyed,LaberForceUnemployed,UnemploymentRate,FemalesEmploymentRate,CoummuteTime,MedianIncome,PovertyRate,TotalUnit,1-UnitDetached,1-UnitAttached,MoreThan20UnitsInStructure,MedianNoOfRooms,lat,lon
0,Adelanto,2013,San Bernardino,0.7681159420289855,0.729064039408867,170500.0,988.0,"Adelanto, CA","(0.65, 0.8]",Good,Good,29764.0,24.5,51.5,18.5,20.5,2.9,10213.0,8202.0,2014.0,19.7,45.7,39.5,43305.0,25.6,8291.0,79.1,2.2,3.3,5.7,34.5827699,-117.409215
1,Agoura Hills,2013,Los Angeles,0.6071428571428572,0.6743421052631579,740200.0,2000.0,"Agoura Hills, CA","(0.5, 0.65]",Good,Okay,20328.0,43.5,9.3,79.1,1.9,6.9,11631.0,10898.0,733.0,6.3,66.9,28.8,106886.0,4.0,7681.0,70.2,13.4,7.6,6.6,34.1363945,-118.7745348
2,Alameda,2013,Alameda,0.7636363636363637,0.8084112149532711,662300.0,1250.0,"Alameda, CA","(0.65, 0.8]",Great,Good,72512.0,40.2,11.4,45.0,5.6,31.8,39562.0,36352.0,3210.0,8.1,63.1,27.2,74221.0,10.1,31572.0,42.3,10.3,16.7,4.7,49.266667,-102.283333
4,Albany,2013,Alameda,0.81,0.7823834196891192,625400.0,1409.0,"Albany, CA","(0.8, 1.0]",Good,Great,17921.0,36.2,8.6,53.5,3.2,30.0,9333.0,8808.0,525.0,5.6,61.9,29.1,71994.0,8.7,7755.0,53.5,3.7,13.9,4.6,53.6326034,-113.548554212855
5,Alhambra,2013,Los Angeles,0.6842105263157895,0.7013888888888888,514800.0,1126.0,"Alhambra, CA","(0.65, 0.8]",Good,Good,83389.0,38.7,34.1,10.9,1.2,52.6,43899.0,40558.0,3341.0,7.6,57.6,29.1,51527.0,12.7,30551.0,44.5,12.5,9.8,4.4,34.093042,-118.12706
7,Alturas,2013,Modoc,0.6102941176470589,0.7,132200.0,565.0,"Alturas, CA","(0.5, 0.65]",Good,Okay,2833.0,38.3,11.1,80.7,1.4,2.8,1294.0,1150.0,144.0,11.1,61.9,8.5,32385.0,26.0,1387.0,77.1,1.8,5.3,5.0,41.487123,-120.5423271
8,American Canyon,2013,Napa,0.7898550724637681,0.7929411764705883,419000.0,1459.0,"American Canyon, CA","(0.65, 0.8]",Good,Good,17692.0,36.7,26.2,31.4,6.5,30.2,9004.0,8337.0,667.0,7.4,63.8,32.6,80556.0,5.1,5602.0,80.7,0.8,2.2,6.5,38.1749179,-122.2608044
9,Anaheim,2013,Orange,0.6524390243902438,0.6441717791411044,503000.0,1262.0,"Anaheim, CA","(0.65, 0.8]",Okay,Good,333039.0,32.1,51.8,28.8,2.4,14.7,172354.0,155785.0,16569.0,9.6,60.7,26.6,57807.0,13.7,105050.0,43.0,8.5,17.9,4.6,33.8347516,-117.911732
10,Antioch,2013,Contra Costa,0.6666666666666667,0.6651583710407241,388300.0,1213.0,"Antioch, CA","(0.65, 0.8]",Good,Good,99717.0,32.6,31.6,37.0,16.6,9.5,48910.0,43865.0,5045.0,10.3,59.0,39.3,66351.0,13.4,34730.0,77.1,4.9,6.7,6.1,38.0049214,-121.805789
11,Apple Valley,2013,San Bernardino,0.7272727272727273,0.7194444444444444,262100.0,976.0,"Apple Valley, CA","(0.65, 0.8]",Good,Good,67396.0,35.2,28.5,57.2,10.2,2.0,28887.0,25155.0,3732.0,12.9,51.1,31.4,50066.0,17.9,24683.0,76.2,3.3,1.3,5.8,34.5008311,-117.1858759
12,Arcadia,2013,Los Angeles,0.6827956989247312,0.6894977168949772,786400.0,1315.0,"Arcadia, CA","(0.65, 0.8]",Good,Good,55704.0,41.1,12.1,27.7,0.9,57.4,28074.0,26743.0,1331.0,4.7,54.1,28.1,77024.0,9.1,19488.0,61.1,10.3,9.6,5.6,49.1427373,-122.644258348548
13,Arcata,2013,Humboldt,0.6216216216216217,0.5952380952380952,349800.0,797.0,"Arcata, CA","(0.5, 0.65]",Okay,Okay,17100.0,27.7,12.5,76.1,2.3,2.2,9542.0,8722.0,820.0,8.6,61.1,16.2,32017.0,28.5,7863.0,42.9,6.4,7.3,4.4,40.866517,-124.08284
14,Arvin,2013,Kern,0.5333333333333334,0.44339622641509435,169000.0,726.0,"Arvin, CA","(0.5, 0.65]",Low,Okay,18329.0,22.1,88.6,10.3,0.0,0.9,7519.0,6457.0,1062.0,14.1,49.9,25.1,32949.0,33.1,4346.0,72.8,2.7,3.2,5.1,35.209129,-118.828431
15,Atherton,2013,San Mateo,0.7807017543859649,0.7750511247443763,1000000.0,2000.0,"Atherton, CA","(0.65, 0.8]",Good,Good,6837.0,45.8,4.3,81.6,0.5,10.2,2549.0,2387.0,162.0,6.4,34.2,20.7,223611.0,7.1,2373.0,99.4,0.6,0.0,9.0,42.8228756,-80.4470701
16,Auburn,2013,Placer,0.6486486486486487,0.5235849056603774,455700.0,921.0,"Auburn, CA","(0.5, 0.65]",Okay,Okay,13451.0,45.2,7.5,88.3,0.9,1.0,6798.0,6398.0,400.0,5.9,52.7,23.9,60756.0,8.9,6356.0,67.5,4.8,7.2,5.5,45.0177379,-64.8687927
17,Avalon,2013,Los Angeles,0.5633802816901408,0.6428571428571428,843000.0,1003.0,"Avalon, CA","(0.5, 0.65]",Okay,Okay,3661.0,34.5,61.5,37.4,0.0,0.0,2298.0,2188.0,110.0,4.8,77.3,11.2,47634.0,11.5,2126.0,26.5,6.1,12.3,4.0,52.0948528,-106.656065340691
18,Avenal,2013,Kings,0.6704545454545454,0.6486486486486487,170100.0,643.0,"Avenal, CA","(0.65, 0.8]",Okay,Good,15749.0,25.7,85.1,13.2,1.3,0.2,6428.0,5490.0,938.0,14.6,43.6,27.8,33350.0,37.7,3513.0,62.0,3.4,1.9,4.9,36.0041223,-120.1290272
19,Azusa,2013,Los Angeles,0.6666666666666666,0.6229946524064172,385200.0,1172.0,"Azusa, CA","(0.65, 0.8]",Okay,Good,46015.0,28.1,66.8,21.1,3.3,7.6,24392.0,22322.0,2070.0,8.5,61.9,28.3,51894.0,17.4,13148.0,45.4,13.5,15.2,4.6,34.1338751,-117.9056046
20,Bakersfield,2013,Kern,0.6388888888888888,0.6056338028169015,245100.0,906.0,"Bakersfield, CA","(0.5, 0.65]",Okay,Okay,331868.0,29.5,43.8,39.6,8.0,5.2,155591.0,139722.0,15869.0,10.2,58.4,22.1,53997.0,17.3,114587.0,70.8,2.8,4.9,5.4,35.3738712,-119.0194639
21,Baldwin Park,2013,Los Angeles,0.63,0.7156488549618321,358800.0,1156.0,"Baldwin Park, CA","(0.5, 0.65]",Good,Okay,75387.0,30.5,81.0,5.0,0.6,12.3,34548.0,31028.0,3520.0,10.2,53.4,30.0,50346.0,15.9,18295.0,71.6,6.9,9.2,4.9,43.5272291,-79.8766719327675
22,Banning,2013,Riverside,0.6557377049180327,0.5146579804560261,233200.0,920.0,"Banning, CA","(0.65, 0.8]",Okay,Good,29030.0,45.2,35.5,49.2,6.5,6.0,10279.0,9299.0,980.0,9.5,40.2,23.5,38979.0,14.6,13072.0,75.5,4.1,1.1,5.0,33.9255685,-116.875289
23,Barstow,2013,San Bernardino,0.702247191011236,0.7303921568627452,154400.0,784.0,"Barstow, CA","(0.65, 0.8]",Good,Good,22983.0,33.1,38.4,35.4,16.3,2.2,10239.0,9350.0,889.0,8.7,55.6,25.3,45166.0,21.4,9720.0,57.0,2.1,2.7,4.9,34.8957684,-117.0172077
24,Beaumont,2013,Riverside,0.8092783505154639,0.7125890736342043,278000.0,909.0,"Beaumont, CA","(0.8, 1.0]",Good,Great,32847.0,32.7,39.3,45.9,3.3,8.6,14325.0,13358.0,967.0,6.8,51.9,32.3,66121.0,11.0,12348.0,82.2,1.9,2.6,5.4,53.3525496,-113.4151434
25,Bell,2013,Los Angeles,0.6000000000000001,0.7469879518072289,340300.0,950.0,"Bell, CA","(0.5, 0.65]",Good,Okay,35648.0,28.3,91.8,6.3,1.2,0.2,15349.0,13739.0,1610.0,10.5,48.4,28.5,38473.0,22.6,9576.0,60.6,9.0,4.4,4.0,45.6090409,-74.6128313
26,Bell Gardens,2013,Los Angeles,0.6395348837209303,0.6528301886792454,394600.0,997.0,"Bell Gardens, CA","(0.5, 0.65]",Good,Okay,42408.0,27.3,96.1,2.4,0.5,0.6,18292.0,16816.0,1476.0,8.1,48.9,28.1,39167.0,22.7,10316.0,61.5,12.6,3.1,4.2,33.9652918,-118.1514588
27,Bellflower,2013,Los Angeles,0.675,0.7325581395348837,423400.0,1094.0,"Bellflower, CA","(0.65, 0.8]",Good,Good,75944.0,31.3,50.9,21.7,12.5,11.9,36628.0,33957.0,2671.0,7.3,58.0,26.7,50565.0,13.1,25446.0,49.6,8.4,19.2,4.5,33.8825705,-118.1167679
28,Belmont,2013,San Mateo,0.7452830188679245,0.7178217821782178,900100.0,1392.0,"Belmont, CA","(0.65, 0.8]",Good,Good,25281.0,39.3,11.4,60.3,2.0,20.4,14518.0,13663.0,855.0,5.9,64.9,25.4,99913.0,3.6,10859.0,58.1,5.9,20.9,5.2,42.8831501,-81.0846444
29,Benicia,2013,Solano,0.5333333333333333,0.5214592274678111,515200.0,1243.0,"Benicia, CA","(0.5, 0.65]",Okay,Okay,26959.0,45.0,11.6,70.8,4.2,7.5,15372.0,14630.0,742.0,4.8,65.9,29.7,87018.0,5.2,11905.0,65.9,7.5,3.4,5.6,38.049365,-122.1585777
30,Berkeley,2013,Alameda,0.7769230769230769,0.7678571428571428,731100.0,1177.0,"Berkeley, CA","(0.65, 0.8]",Good,Good,109408.0,31.6,11.2,53.9,9.4,20.6,56531.0,52737.0,3794.0,6.7,56.1,25.6,58617.0,18.9,46926.0,42.3,4.2,14.5,4.3,44.3669375,-80.7272504
31,Big Bear Lake,2013,San Bernardino,0.7099236641221374,0.6661237785016287,390500.0,934.0,"Big Bear Lake, CA","(0.65, 0.8]",Good,Good,5171.0,40.3,22.1,74.3,0.7,0.0,2049.0,1859.0,190.0,9.3,40.8,12.7,32299.0,21.1,9592.0,83.6,0.9,3.7,4.8,48.8529538,-87.2106324667416
32,Blue Lake,2013,Humboldt,0.9319371727748691,0.9801803940185141,324500.0,874.0,"Blue Lake, CA","(0.8, 1.0]",Great,Great,1293.0,31.3,5.6,83.4,2.2,0.5,697.0,681.0,16.0,2.3,61.6,17.0,48750.0,14.5,632.0,63.3,1.9,1.4,5.0,46.67819695,-80.8328312478924
33,Blythe,2013,Riverside,0.6744186046511629,0.7414965986394557,174700.0,658.0,"Blythe, CA","(0.65, 0.8]",Good,Good,21164.0,34.7,49.9,30.4,15.8,1.8,5586.0,5086.0,500.0,9.0,53.9,14.8,41856.0,16.8,5686.0,58.5,2.5,2.8,5.0,33.5603938,-114.91206909773
34,Brea,2013,Orange,0.5521739130434782,0.5396039603960395,598600.0,1351.0,"Brea, CA","(0.5, 0.65]",Okay,Okay,38427.0,37.8,22.5,57.2,1.1,17.1,21219.0,19761.0,1458.0,6.9,62.5,28.2,79647.0,5.7,14910.0,56.6,9.6,12.0,5.5,33.9170444,-117.8888557
35,Brentwood,2013,Contra Costa,0.7241379310344828,0.7414285714285713,471600.0,1567.0,"Brentwood, CA","(0.65, 0.8]",Good,Good,46283.0,34.8,27.0,55.2,5.6,7.4,20935.0,19385.0,1550.0,7.4,57.0,39.7,89515.0,5.4,16094.0,86.9,3.5,3.7,6.7,51.0930748,-114.1260514
36,Brisbane,2013,San Mateo,0.7928994082840236,0.6708860759493671,695400.0,1333.0,"Brisbane, CA","(0.65, 0.8]",Good,Good,4098.0,40.8,25.1,40.6,0.8,27.7,2680.0,2395.0,285.0,10.6,72.0,25.4,90156.0,6.1,1788.0,57.1,12.1,5.1,4.8,43.7445681,-80.0767202
37,Buellton,2013,Santa Barbara,0.7272727272727273,0.793010752688172,561100.0,1313.0,"Buellton, CA","(0.65, 0.8]",Good,Good,4609.0,38.9,40.1,52.2,0.0,3.3,2759.0,2597.0,162.0,5.9,68.6,23.3,63988.0,7.3,1551.0,67.3,4.3,0.6,5.4,34.6134727,-120.1936692
38,Buena Park,2013,Orange,0.6587301587301587,0.6666666666666666,485000.0,1341.0,"Buena Park, CA","(0.65, 0.8]",Good,Good,79744.0,34.4,36.5,29.3,4.1,27.3,39823.0,37046.0,2777.0,7.0,58.9,28.1,63295.0,9.8,23895.0,58.2,7.3,14.2,5.3,33.870413,-117.9962165
39,Burbank,2013,Los Angeles,0.736842105263158,0.7540983606557377,608800.0,1299.0,"Burbank, CA","(0.65, 0.8]",Good,Good,102723.0,38.6,24.7,60.0,2.0,11.0,57740.0,53812.0,3928.0,6.8,61.9,25.2,63356.0,8.2,43446.0,44.7,4.3,19.2,4.3,34.1816482,-118.3258554
40,Burlingame,2013,San Mateo,0.6686746987951808,0.6666666666666666,1000000.0,1338.0,"Burlingame, CA","(0.65, 0.8]",Good,Good,28204.0,40.5,11.2,64.8,1.7,18.6,14815.0,13845.0,970.0,6.5,56.8,25.9,81849.0,7.2,12347.0,48.3,4.4,16.3,4.8,37.5841026,-122.3660825
41,Calabasas,2013,Los Angeles,0.7093023255813953,0.7155172413793103,962700.0,1853.0,"Calabasas, CA","(0.65, 0.8]",Good,Good,22686.0,42.5,7.3,76.9,2.6,10.5,11574.0,10717.0,857.0,7.4,55.7,29.9,116403.0,6.0,8686.0,68.7,7.5,6.5,6.8,34.1446643,-118.6440973
42,California City,2013,Kern,0.6351351351351351,0.7368951612903225,174400.0,907.0,"California City, CA","(0.5, 0.65]",Good,Okay,13264.0,32.6,24.9,55.9,13.4,2.1,5883.0,4781.0,1102.0,18.7,59.7,30.2,47038.0,23.0,5495.0,77.5,1.9,1.1,5.4,35.125801,-117.9859038
43,Calimesa,2013,Riverside,0.6145833333333333,0.4046242774566474,233700.0,1183.0,"Calimesa, CA","(0.5, 0.65]",Low,Okay,7869.0,48.3,23.2,72.4,0.6,0.8,3207.0,2956.0,251.0,7.8,41.3,32.9,48945.0,13.7,3500.0,59.4,3.5,0.0,5.3,34.0039044,-117.0619774
44,Camarillo,2013,Ventura,0.7272727272727273,0.6914893617021276,558200.0,1507.0,"Camarillo, CA","(0.65, 0.8]",Good,Good,63599.0,40.6,23.4,62.1,1.8,9.4,32521.0,30261.0,2260.0,6.9,56.9,22.0,81518.0,4.7,24667.0,61.3,17.6,6.3,5.9,34.2163939,-119.0376024
45,Campbell,2013,Santa Clara,0.6057692307692308,0.5783132530120483,698400.0,1364.0,"Campbell, CA","(0.5, 0.65]",Okay,Okay,38692.0,37.2,17.8,59.2,1.8,15.5,22832.0,21426.0,1406.0,6.2,66.2,23.2,79464.0,7.6,17058.0,45.0,13.1,15.5,4.8,49.7554816,-94.5829868
46,Canyon Lake,2013,Riverside,0.65625,0.6174418604651163,446600.0,1981.0,"Canyon Lake, CA","(0.65, 0.8]",Okay,Good,10618.0,42.5,9.1,84.7,0.4,2.5,5289.0,4702.0,587.0,11.1,55.5,43.0,83845.0,5.0,4233.0,92.3,3.0,0.0,6.2,48.17546195,-82.4967513268337
47,Capitola,2013,Santa Cruz,0.6587301587301587,0.6481481481481481,531900.0,1372.0,"Capitola, CA","(0.65, 0.8]",Okay,Good,9801.0,42.9,16.5,75.6,1.1,3.1,5716.0,5224.0,492.0,8.6,64.3,26.0,52389.0,9.4,5616.0,29.6,10.7,9.6,4.2,36.9762927,-121.9540577
48,Carlsbad,2013,San Diego,0.6130952380952381,0.583969465648855,656000.0,1519.0,"Carlsbad, CA","(0.5, 0.65]",Okay,Okay,99753.0,39.9,13.3,76.1,0.8,7.2,51426.0,48104.0,3322.0,6.5,58.5,28.7,84728.0,7.2,43619.0,52.4,16.8,10.2,5.7,33.1580933,-117.3505966
49,Carmel-by-the-Sea,2013,Monterey,0.7610062893081762,0.7392241379310345,1000000.0,1692.0,"Carmel-by-the-Sea, CA","(0.65, 0.8]",Good,Good,3725.0,56.5,8.5,81.5,1.4,8.6,1797.0,1769.0,28.0,1.6,49.2,13.4,74489.0,4.9,3606.0,82.1,5.1,0.8,5.0,36.5552387,-121.9232879
50,Carpinteria,2013,Santa Barbara,0.7528735632183908,0.775462962962963,669200.0,1353.0,"Carpinteria, CA","(0.65, 0.8]",Good,Good,13122.0,40.5,45.7,47.4,0.3,3.3,7591.0,7018.0,573.0,7.5,65.6,20.3,63834.0,10.7,5472.0,39.7,7.9,5.5,4.6,34.3988838,-119.5184564
51,Carson,2013,Los Angeles,0.6269430051813472,0.663538873994638,422100.0,1190.0,"Carson, CA","(0.5, 0.65]",Good,Okay,91299.0,36.1,37.5,7.4,22.9,25.8,46740.0,42370.0,4370.0,9.3,61.2,25.6,68425.0,8.0,25705.0,70.6,9.1,5.6,5.5,33.8322043,-118.2517547
52,Cathedral City,2013,Riverside,0.7028985507246377,0.6151419558359621,294500.0,1046.0,"Cathedral City, CA","(0.65, 0.8]",Okay,Good,50597.0,36.5,56.5,36.7,1.5,3.4,24661.0,22435.0,2226.0,9.0,58.1,19.6,45693.0,16.3,22437.0,55.7,13.5,2.7,5.0,33.7810031,-116.4640765
53,Cerritos,2013,Los Angeles,0.6774193548387097,0.6569767441860465,633500.0,1915.0,"Cerritos, CA","(0.65, 0.8]",Good,Good,49432.0,42.0,11.1,15.6,6.8,62.8,24202.0,22497.0,1705.0,7.0,55.1,30.0,88743.0,6.1,15175.0,84.6,8.9,2.5,6.2,33.8644291,-118.0539323
54,Chico,2013,Butte,0.6290322580645162,0.5526315789473685,312000.0,901.0,"Chico, CA","(0.5, 0.65]",Okay,Okay,85130.0,28.2,14.8,73.8,1.7,4.6,45533.0,40575.0,4958.0,10.9,60.9,17.1,41835.0,21.2,37594.0,53.5,4.4,9.1,4.9,45.5484418,-73.5428
55,Chino,2013,San Bernardino,0.7234042553191489,0.6781609195402298,425000.0,1200.0,"Chino, CA","(0.65, 0.8]",Good,Good,77729.0,32.4,53.1,28.5,5.8,9.7,36464.0,33052.0,3412.0,9.4,57.4,30.7,71659.0,6.2,21121.0,71.5,5.5,8.2,5.8,34.0133561,-117.690075
56,Chino Hills,2013,San Bernardino,0.6486486486486487,0.7890625,567100.0,1760.0,"Chino Hills, CA","(0.5, 0.65]",Good,Okay,74410.0,34.7,28.3,35.8,4.2,28.2,40857.0,37644.0,3213.0,7.9,65.6,36.7,103891.0,4.1,23170.0,81.8,3.7,3.6,6.5,33.9926803,-117.760056
57,Chowchilla,2013,Madera,0.73,0.8696461824953445,208200.0,867.0,"Chowchilla, CA","(0.65, 0.8]",Great,Good,18090.0,33.9,39.1,44.0,10.8,1.4,4068.0,3698.0,370.0,9.1,16.2,31.4,39902.0,18.4,3832.0,82.0,1.8,0.6,5.2,37.1122005,-120.286425563047
58,Chula Vista,2013,San Diego,0.6698113207547169,0.6732456140350878,445000.0,1201.0,"Chula Vista, CA","(0.65, 0.8]",Good,Good,229614.0,33.4,55.9,22.2,4.5,13.9,110255.0,100528.0,9727.0,8.8,59.2,26.8,63779.0,9.6,80281.0,54.8,10.6,14.7,5.2,32.6400541,-117.0841955
59,Claremont,2013,Los Angeles,0.660377358490566,0.6739130434782609,594600.0,1162.0,"Claremont, CA","(0.65, 0.8]",Good,Good,34713.0,36.4,20.5,60.3,4.0,10.2,17131.0,15937.0,1194.0,7.0,54.6,26.8,82015.0,6.4,11606.0,66.8,9.9,7.2,5.8,45.6845106,-63.9637863
60,Clayton,2013,Contra Costa,0.6341463414634145,0.6568877551020409,685400.0,1830.0,"Clayton, CA","(0.5, 0.65]",Good,Okay,10819.0,42.7,6.5,81.3,0.9,7.4,5631.0,5314.0,317.0,5.6,59.9,31.8,135643.0,3.1,3945.0,81.8,13.2,2.2,7.2,45.1915846,-76.3263161
61,Clearlake,2013,Lake,0.7093023255813953,0.6946902654867257,145500.0,765.0,"Clearlake, CA","(0.65, 0.8]",Good,Good,15074.0,37.5,22.1,67.2,4.3,0.5,5753.0,4866.0,887.0,15.4,48.1,27.6,26382.0,32.9,8487.0,52.2,2.0,3.8,4.3,38.9582307,-122.6263728
62,Clovis,2013,Fresno,0.6808510638297873,0.6483870967741936,314700.0,951.0,"Clovis, CA","(0.65, 0.8]",Okay,Good,91166.0,33.8,24.5,59.3,3.2,8.9,46237.0,42025.0,4212.0,9.1,60.8,20.9,63229.0,10.2,34155.0,70.3,2.2,7.2,5.6,36.8252277,-119.7029194
63,Coachella,2013,Riverside,0.7807017543859649,0.6341463414634146,204200.0,833.0,"Coachella, CA","(0.65, 0.8]",Okay,Good,38144.0,24.4,95.2,2.8,0.7,0.0,17053.0,14516.0,2537.0,14.9,61.8,20.3,43018.0,23.7,9341.0,69.8,3.1,1.9,5.4,33.68656595,-116.153277495288
64,Coalinga,2013,Fresno,0.631578947368421,0.6502057613168725,204300.0,805.0,"Coalinga, CA","(0.5, 0.65]",Good,Okay,13086.0,33.3,48.6,37.2,9.5,1.7,3529.0,3363.0,166.0,4.7,54.5,17.3,46229.0,23.3,2902.0,65.0,1.1,4.3,5.1,36.16099095,-120.294545683097
65,Colfax,2013,Placer,0.8035714285714286,0.743801652892562,315500.0,859.0,"Colfax, CA","(0.8, 1.0]",Good,Great,1766.0,44.6,4.3,89.7,0.0,2.3,958.0,846.0,112.0,11.7,59.3,23.9,51667.0,6.0,854.0,65.5,5.2,1.3,5.1,49.9467693,-103.9881636
66,Colma,2013,San Mateo,0.8679245283018868,0.852,627700.0,1572.0,"Colma, CA","(0.8, 1.0]",Great,Great,1527.0,33.6,44.1,18.3,1.2,33.9,1065.0,998.0,67.0,6.3,85.3,26.2,83750.0,2.8,491.0,46.2,25.3,3.9,5.2,37.6768779,-122.459695
67,Colton,2013,San Bernardino,0.7402597402597403,0.7330316742081449,255100.0,993.0,"Colton, CA","(0.65, 0.8]",Good,Good,52187.0,28.5,68.1,13.9,10.3,5.4,24264.0,21661.0,2603.0,10.7,60.8,25.9,43373.0,17.9,16597.0,58.4,3.5,6.9,4.9,34.0739016,-117.3136547
68,Commerce,2013,Los Angeles,0.7203219315895373,0.7050359712230216,389600.0,894.0,"Commerce, CA","(0.65, 0.8]",Good,Good,12758.0,28.1,91.3,3.3,2.0,1.8,5182.0,4715.0,467.0,9.0,45.7,25.8,50667.0,13.8,3210.0,68.5,9.5,7.6,4.4,46.810298,-71.2449109
69,Compton,2013,Los Angeles,0.5862068965517242,0.5756302521008403,330100.0,929.0,"Compton, CA","(0.5, 0.65]",Okay,Okay,95761.0,26.4,63.6,0.6,32.9,0.2,40185.0,34953.0,5232.0,13.0,52.6,28.1,43201.0,22.8,25085.0,68.6,9.4,3.3,4.9,45.243228,-71.827927
70,Concord,2013,Contra Costa,0.6842105263157895,0.5867768595041323,470200.0,1188.0,"Concord, CA","(0.65, 0.8]",Okay,Good,121326.0,36.9,28.5,52.8,2.9,11.1,67804.0,62173.0,5631.0,8.3,63.8,29.5,65123.0,9.6,48071.0,58.0,6.8,14.4,5.2,45.452798,-62.7905136
72,Corona,2013,Riverside,0.6686046511627907,0.6155913978494624,435500.0,1280.0,"Corona, CA","(0.65, 0.8]",Okay,Good,150497.0,31.5,42.8,39.0,5.4,8.9,78090.0,69944.0,8146.0,10.4,62.7,33.3,79180.0,8.9,45910.0,69.4,4.5,7.1,6.0,49.198057,-124.087538
73,Coronado,2013,San Diego,0.5874999999999999,0.7255125284738041,1000000.0,1657.0,"Coronado, CA","(0.5, 0.65]",Good,Okay,19721.0,38.8,15.6,75.5,3.4,2.9,6957.0,6552.0,405.0,5.8,52.8,20.1,91071.0,6.1,8659.0,45.4,10.7,24.9,4.8,53.886363,-113.2979008
74,Costa Mesa,2013,Orange,0.7,0.6858407079646018,644900.0,1422.0,"Costa Mesa, CA","(0.65, 0.8]",Good,Good,109316.0,33.7,34.2,52.9,1.0,8.8,64572.0,59885.0,4687.0,7.3,65.3,22.3,64864.0,13.3,42867.0,39.4,10.2,20.8,4.4,33.6633386,-117.903317
76,Covina,2013,Los Angeles,0.6967213114754098,0.667910447761194,446600.0,1176.0,"Covina, CA","(0.65, 0.8]",Good,Good,47533.0,34.9,49.0,33.0,4.5,10.7,24738.0,22023.0,2715.0,11.0,61.2,31.5,64141.0,10.7,15976.0,58.1,9.0,12.9,5.3,34.1024,-117.854865
77,Cudahy,2013,Los Angeles,0.5769230769230769,0.6567622950819672,350300.0,1046.0,"Cudahy, CA","(0.5, 0.65]",Good,Okay,23854.0,26.0,95.8,2.1,0.4,0.9,10341.0,9295.0,1046.0,10.1,49.2,32.0,41805.0,24.3,5869.0,54.2,5.6,10.4,4.1,33.9605701,-118.1853486
78,Culver City,2013,Los Angeles,0.6573033707865169,0.7108433734939759,618600.0,1394.0,"Culver City, CA","(0.65, 0.8]",Good,Good,38827.0,40.7,23.5,47.2,10.4,14.6,22409.0,20973.0,1436.0,6.4,66.3,25.0,72199.0,7.2,17558.0,39.6,9.1,24.3,4.6,34.0211224,-118.3964665
79,Cupertino,2013,Santa Clara,0.6162790697674418,0.6604938271604939,993500.0,1932.0,"Cupertino, CA","(0.5, 0.65]",Good,Okay,56498.0,39.2,4.2,33.0,0.9,58.6,26742.0,24897.0,1845.0,6.9,51.1,24.0,120201.0,4.6,20670.0,57.4,12.2,13.3,5.4,37.3230107,-122.0322519
80,Cypress,2013,Orange,0.6388888888888888,0.6365853658536585,591000.0,1419.0,"Cypress, CA","(0.5, 0.65]",Okay,Okay,47314.0,39.8,16.3,46.8,2.1,31.0,24830.0,23330.0,1500.0,6.0,60.0,27.6,83196.0,6.3,16335.0,61.1,16.0,10.0,5.8,48.4737582,-123.538222796905
81,Daly City,2013,San Mateo,0.4423076923076923,0.5178571428571429,611200.0,1396.0,"Daly City, CA","(0.0, 0.5]",Okay,Low,99829.0,38.5,24.1,14.3,2.7,55.0,56402.0,51476.0,4926.0,8.7,63.0,28.4,74987.0,7.0,32569.0,48.5,14.6,14.8,4.8,37.7057671,-122.4619205
82,Dana Point,2013,Orange,0.7054794520547945,0.7145454545454546,827200.0,1764.0,"Dana Point, CA","(0.65, 0.8]",Good,Good,33484.0,44.7,13.1,81.0,0.4,2.6,18487.0,17315.0,1172.0,6.3,56.6,26.8,80609.0,5.5,16067.0,54.6,12.5,4.5,5.5,33.4669721,-117.6981075
83,Davis,2013,Yolo,0.644736842105263,0.6295180722891567,571600.0,1207.0,"Davis, CA","(0.5, 0.65]",Okay,Okay,64842.0,25.4,13.0,58.8,2.2,20.3,33920.0,31264.0,2656.0,7.8,57.0,20.0,59517.0,23.5,25502.0,47.0,8.6,15.4,5.1,53.1103334,-105.6567239
84,Del Mar,2013,San Diego,0.6896551724137931,0.7845528455284553,1000000.0,1839.0,"Del Mar, CA","(0.65, 0.8]",Good,Good,4178.0,50.4,0.0,93.9,0.0,1.7,2348.0,2296.0,52.0,2.2,56.8,24.1,112566.0,3.7,2712.0,51.1,19.9,11.0,5.2,32.9594891,-117.2653146
86,Del Rey Oaks,2013,Monterey,0.6666666666666667,0.8166666666666667,653200.0,1815.0,"Del Rey Oaks, CA","(0.65, 0.8]",Great,Good,1774.0,43.7,14.9,75.4,1.1,4.0,912.0,868.0,44.0,4.8,58.2,16.6,81154.0,4.0,752.0,79.1,3.3,2.5,5.3,36.5932934,-121.8349515
87,Delano,2013,Kern,0.4625,0.5084033613445378,184300.0,690.0,"Delano, CA","(0.0, 0.5]",Okay,Low,51310.0,29.5,71.3,7.8,5.2,13.8,17689.0,15342.0,2347.0,13.3,56.2,24.3,35673.0,27.7,10871.0,70.5,4.4,2.6,5.2,35.7688425,-119.2470536
88,Desert Hot Springs,2013,Riverside,0.5526315789473684,0.44108280254777066,202000.0,870.0,"Desert Hot Springs, CA","(0.5, 0.65]",Low,Okay,24675.0,30.3,50.4,34.6,7.4,1.7,10716.0,8991.0,1725.0,16.1,53.9,31.8,36326.0,24.9,10817.0,65.4,1.7,2.5,4.9,33.961124,-116.5016784
89,Diamond Bar,2013,Los Angeles,0.6413043478260869,0.638728323699422,574900.0,1666.0,"Diamond Bar, CA","(0.5, 0.65]",Okay,Okay,55701.0,40.5,19.2,23.8,3.2,51.8,29169.0,27655.0,1514.0,5.2,57.0,34.7,87216.0,4.6,18356.0,72.0,9.2,1.9,6.3,34.0286226,-117.8103367
90,Dixon,2013,Solano,0.7929292929292929,0.6900452488687783,394400.0,1190.0,"Dixon, CA","(0.65, 0.8]",Good,Good,17924.0,32.3,40.7,49.1,3.0,4.0,9450.0,8579.0,871.0,9.2,66.1,23.2,69742.0,8.6,6124.0,78.3,4.4,2.4,5.7,45.0867338,-74.9774504
91,Downey,2013,Los Angeles,0.7258064516129032,0.759090909090909,522800.0,1139.0,"Downey, CA","(0.65, 0.8]",Good,Good,110921.0,33.2,69.5,17.7,3.4,7.9,54872.0,49557.0,5315.0,9.7,57.7,26.6,59674.0,10.0,34836.0,57.3,3.9,19.0,4.8,49.318251,-122.729838
92,Dublin,2013,Alameda,0.7372881355932204,0.717687074829932,652800.0,1702.0,"Dublin, CA","(0.65, 0.8]",Good,Good,42657.0,34.6,12.8,50.8,7.9,23.2,21399.0,19986.0,1413.0,6.6,62.8,29.5,107754.0,3.9,14061.0,54.4,12.0,17.2,5.6,43.4984009,-81.2911804
93,East Palo Alto,2013,San Mateo,0.8588235294117648,0.9208542713567839,525600.0,1154.0,"East Palo Alto, CA","(0.8, 1.0]",Great,Great,27894.0,28.0,61.6,7.4,17.1,3.4,13802.0,12473.0,1329.0,9.6,59.6,20.2,48734.0,16.6,8413.0,53.9,4.2,25.4,4.7,37.4688273,-122.1410751
94,El Cajon,2013,San Diego,0.6689189189189189,0.6409574468085106,388900.0,1017.0,"El Cajon, CA","(0.65, 0.8]",Okay,Good,97932.0,33.0,31.2,53.4,5.4,4.5,46866.0,41708.0,5158.0,11.0,57.0,23.5,47048.0,21.3,35490.0,40.8,4.9,22.2,4.5,32.7947731,-116.9625269
96,El Monte,2013,Los Angeles,0.6911764705882353,0.6745762711864407,396600.0,1037.0,"El Monte, CA","(0.65, 0.8]",Good,Good,113888.0,31.6,68.7,5.1,0.5,24.8,53657.0,48580.0,5077.0,9.5,51.8,28.3,42750.0,20.7,28810.0,56.0,12.8,10.1,4.5,44.2434162,10.8186516
97,El Segundo,2013,Los Angeles,0.8133484162895928,0.8410596026490066,804800.0,1457.0,"El Segundo, CA","(0.8, 1.0]",Great,Great,16534.0,38.6,18.2,69.5,1.7,5.8,9996.0,9518.0,478.0,4.8,65.7,21.5,89926.0,3.3,7464.0,42.8,4.8,12.5,4.6,33.912594,-118.383179
98,Emeryville,2013,Alameda,0.7037037037037037,0.6492537313432836,437400.0,1428.0,"Emeryville, CA","(0.65, 0.8]",Okay,Good,9393.0,34.4,9.9,40.3,14.5,32.2,6153.0,5772.0,381.0,6.2,66.5,28.6,61088.0,15.0,6117.0,6.3,6.0,67.5,3.4,42.2967472,-82.7583081
99,Encinitas,2013,San Diego,0.6,0.5642458100558658,734800.0,1615.0,"Encinitas, CA","(0.5, 0.65]",Okay,Okay,58761.0,40.9,15.5,77.5,0.3,3.9,32624.0,30825.0,1799.0,5.5,59.9,24.2,86845.0,8.0,25080.0,57.5,18.8,7.3,5.6,33.0369867,-117.2919818
100,Escalon,2013,San Joaquin,0.788135593220339,0.7611386138613861,306900.0,792.0,"Escalon, CA","(0.65, 0.8]",Good,Good,7054.0,38.4,25.4,70.2,0.9,1.7,3820.0,3376.0,444.0,11.6,60.9,30.5,65457.0,9.0,2809.0,84.9,0.5,1.0,5.6,37.7544565,-121.006422084267
101,Escondido,2013,San Diego,0.5338983050847458,0.4606060606060606,404900.0,1116.0,"Escondido, CA","(0.5, 0.65]",Low,Okay,140998.0,33.1,46.2,43.9,1.7,5.7,68850.0,63284.0,5566.0,8.1,54.1,27.4,51675.0,15.6,47411.0,50.8,6.2,13.1,5.2,33.1216751,-117.0814849
102,Eureka,2013,Humboldt,0.5538461538461539,0.5,288800.0,764.0,"Eureka, CA","(0.5, 0.65]",Low,Okay,26954.0,37.5,11.1,75.8,1.9,3.2,13357.0,12182.0,1175.0,8.8,54.5,14.7,34950.0,21.1,12295.0,63.7,3.8,3.6,4.8,79.98855485,-85.9373384357636
103,Fairfield,2013,Solano,0.7588235294117647,0.722466960352423,392700.0,1172.0,"Fairfield, CA","(0.65, 0.8]",Good,Good,103698.0,32.8,25.9,35.3,16.2,15.2,50811.0,45973.0,4838.0,9.5,61.3,28.8,68009.0,11.0,36283.0,69.0,6.5,6.9,5.8,48.4136422,-123.35057716784
104,Ferndale,2013,Humboldt,0.4117647058823529,0.5559701492537313,441000.0,904.0,"Ferndale, CA","(0.0, 0.5]",Okay,Low,1693.0,43.0,5.6,87.7,0.0,0.2,881.0,839.0,42.0,4.8,62.0,18.0,64107.0,7.3,738.0,82.4,2.3,1.4,5.8,44.9712122,-81.2857334
105,Fillmore,2013,Ventura,0.6224489795918368,0.7024128686327078,410100.0,1138.0,"Fillmore, CA","(0.5, 0.65]",Good,Okay,14721.0,33.3,73.9,22.9,0.2,2.3,6815.0,6321.0,494.0,7.2,53.7,31.8,58076.0,11.4,4491.0,72.6,5.3,4.4,5.4,49.883333,-103.433333
106,Firebaugh,2013,Fresno,0.6372549019607843,0.7975871313672922,170500.0,627.0,"Firebaugh, CA","(0.5, 0.65]",Good,Okay,7373.0,26.9,90.0,9.3,0.1,0.6,3036.0,2486.0,550.0,18.1,48.8,24.3,30000.0,33.5,2179.0,63.7,5.1,2.8,4.8,36.8588376,-120.4560072
107,Folsom,2013,Sacramento,0.7428571428571429,0.7251908396946565,461200.0,1255.0,"Folsom, CA","(0.65, 0.8]",Good,Good,69068.0,36.4,11.4,66.7,7.3,11.9,32917.0,30535.0,2382.0,7.2,65.6,25.7,94642.0,3.7,23958.0,70.9,3.1,6.7,6.1,38.6779591,-121.1760583
108,Fontana,2013,San Bernardino,0.6833333333333333,0.6333333333333333,346700.0,1083.0,"Fontana, CA","(0.65, 0.8]",Okay,Good,189466.0,28.4,65.8,15.9,9.3,6.1,91473.0,82024.0,9449.0,10.3,58.9,31.3,63252.0,12.5,49967.0,80.2,2.4,5.2,5.9,34.0922335,-117.435048
109,Fort Bragg,2013,Mendocino,0.5789473684210527,0.5485436893203883,375700.0,904.0,"Fort Bragg, CA","(0.5, 0.65]",Okay,Okay,7196.0,40.5,32.0,61.0,0.1,0.8,3452.0,3074.0,378.0,11.0,55.1,14.3,34570.0,26.1,3313.0,62.7,4.5,4.3,4.6,39.4534731,-123.81491141575
110,Fortuna,2013,Humboldt,0.5930232558139534,0.5838709677419355,302400.0,781.0,"Fortuna, CA","(0.5, 0.65]",Okay,Okay,11646.0,38.2,13.2,77.9,1.1,2.7,4776.0,4509.0,267.0,5.6,46.5,20.5,38712.0,19.1,4684.0,66.7,3.2,2.3,5.2,40.597407,-124.156034
111,Foster City,2013,San Mateo,0.6486486486486487,0.7112676056338028,851900.0,1918.0,"Foster City, CA","(0.5, 0.65]",Good,Okay,29746.0,39.0,6.3,43.6,1.8,42.8,16207.0,15321.0,886.0,5.5,62.4,26.4,111563.0,4.4,12268.0,37.4,21.2,19.8,5.2,37.5600336,-122.2688522
112,Fountain Valley,2013,Orange,0.6521739130434783,0.6162790697674418,644200.0,1451.0,"Fountain Valley, CA","(0.65, 0.8]",Okay,Good,54961.0,42.6,11.9,50.1,1.1,33.4,29114.0,27223.0,1891.0,6.5,57.5,25.5,79364.0,6.2,19170.0,65.8,9.8,8.0,6.1,50.734283,-121.857874
113,Fowler,2013,Fresno,0.8763157894736842,0.871,245100.0,723.0,"Fowler, CA","(0.8, 1.0]",Great,Great,5305.0,30.9,64.1,23.0,1.4,10.3,2587.0,2302.0,285.0,11.0,54.0,18.5,56750.0,20.1,1738.0,71.8,1.4,3.3,5.1,56.833333,-131.766667
114,Fremont,2013,Alameda,0.7272727272727273,0.7236024844720497,641900.0,1456.0,"Fremont, CA","(0.65, 0.8]",Good,Good,209235.0,36.8,14.1,29.3,3.1,49.0,110431.0,103208.0,7223.0,6.5,59.7,29.0,96287.0,5.2,74218.0,58.5,13.4,17.2,5.4,49.2850624,-123.135817450772
115,Fresno,2013,Fresno,0.6893939393939394,0.6580645161290323,244200.0,832.0,"Fresno, CA","(0.65, 0.8]",Good,Good,484008.0,28.9,45.7,31.7,7.5,12.2,224259.0,196453.0,27806.0,12.4,57.8,20.8,43124.0,24.9,169066.0,60.9,2.7,6.9,5.0,36.7295295,-119.708861260756
117,Fullerton,2013,Orange,0.7215189873417722,0.7205128205128205,582600.0,1275.0,"Fullerton, CA","(0.65, 0.8]",Good,Good,132872.0,34.5,32.8,38.6,2.8,23.0,69813.0,64575.0,5238.0,7.5,59.8,26.5,67179.0,11.3,47956.0,50.6,10.1,15.4,4.9,33.8708215,-117.9294165
118,Galt,2013,Sacramento,0.6829268292682926,0.6372549019607843,308500.0,1178.0,"Galt, CA","(0.65, 0.8]",Okay,Good,23074.0,32.7,42.5,52.4,0.6,1.4,11098.0,10031.0,1067.0,9.6,60.5,28.2,58476.0,12.2,7549.0,83.7,6.6,1.4,5.5,43.3614741,-80.3116778
119,Garden Grove,2013,Orange,0.5227272727272727,0.5287356321839081,472900.0,1284.0,"Garden Grove, CA","(0.5, 0.65]",Okay,Okay,169009.0,34.9,37.9,23.1,0.9,35.7,84391.0,76208.0,8183.0,9.7,57.6,27.1,61026.0,12.9,47454.0,57.1,8.4,10.0,5.0,49.5091225,-96.8780139
120,Gardena,2013,Los Angeles,0.5125,0.5796460176991151,417800.0,998.0,"Gardena, CA","(0.5, 0.65]",Okay,Okay,58668.0,37.2,36.6,9.6,22.2,27.7,28831.0,26131.0,2700.0,9.4,56.9,26.0,46837.0,15.9,22254.0,45.0,6.4,12.7,4.3,33.888658,-118.307648
121,Gilroy,2013,Santa Clara,0.6370967741935484,0.5807453416149069,592300.0,1167.0,"Gilroy, CA","(0.5, 0.65]",Okay,Okay,46807.0,32.7,57.4,32.2,1.3,6.4,23340.0,21272.0,2068.0,8.9,61.4,28.9,71340.0,8.7,14772.0,67.3,6.0,4.5,5.8,37.0065078,-121.5631723
122,Glendale,2013,Los Angeles,0.6636363636363636,0.6888111888111887,635100.0,1220.0,"Glendale, CA","(0.65, 0.8]",Good,Good,192190.0,40.6,16.8,63.5,1.7,16.2,101626.0,93467.0,8159.0,8.0,56.5,25.6,54677.0,13.0,75007.0,36.4,4.7,21.6,4.1,51.034096,-114.1522951
123,Glendora,2013,Los Angeles,0.6481481481481481,0.6104972375690608,529200.0,1300.0,"Glendora, CA","(0.5, 0.65]",Okay,Okay,49882.0,39.2,28.2,60.6,2.0,7.0,24901.0,22994.0,1907.0,7.7,56.3,29.3,75954.0,6.5,17184.0,73.9,7.9,4.6,5.8,34.1361187,-117.865339
124,Grand Terrace,2013,San Bernardino,0.6326530612244898,0.5201612903225806,335200.0,1140.0,"Grand Terrace, CA","(0.5, 0.65]",Okay,Okay,12115.0,37.3,36.3,50.1,3.9,8.1,6677.0,6132.0,545.0,8.2,62.2,23.7,62335.0,3.9,4634.0,62.2,2.7,4.4,5.5,34.0339031,-117.3136544
125,Grass Valley,2013,Nevada,0.7916666666666667,0.7916666666666666,346100.0,902.0,"Grass Valley, CA","(0.65, 0.8]",Good,Good,12765.0,41.2,14.4,79.0,0.9,2.0,5457.0,4988.0,469.0,8.6,45.5,15.6,35385.0,16.3,6087.0,44.6,3.0,13.0,4.3,39.2086655,-121.053123077412
126,Guadalupe,2013,Santa Barbara,0.42999999999999994,0.4429429429429429,270100.0,934.0,"Guadalupe, CA","(0.0, 0.5]",Low,Low,6770.0,30.8,84.8,11.2,0.7,2.2,3376.0,3149.0,227.0,6.7,60.7,21.7,42978.0,14.8,2007.0,60.9,9.9,2.2,4.9,34.971644,-120.5718363
127,Half Moon Bay,2013,San Mateo,0.5478723404255319,0.5688259109311741,753900.0,1545.0,"Half Moon Bay, CA","(0.5, 0.65]",Okay,Okay,11126.0,42.1,29.7,63.6,1.0,4.0,6180.0,5712.0,468.0,7.6,61.5,26.7,92875.0,6.5,4245.0,62.6,12.5,3.9,5.7,52.3472138,-114.1766304
128,Hawaiian Gardens,2013,Los Angeles,0.5945945945945946,0.6779661016949152,351000.0,1077.0,"Hawaiian Gardens, CA","(0.5, 0.65]",Good,Okay,14328.0,30.1,74.1,10.3,3.0,10.5,6907.0,6421.0,486.0,7.0,50.2,23.9,52034.0,15.8,3938.0,46.9,14.0,11.0,4.6,33.8284787,-118.0743137
129,Hawthorne,2013,Los Angeles,0.7019230769230769,0.7479338842975207,501400.0,972.0,"Hawthorne, CA","(0.65, 0.8]",Good,Good,84195.0,30.8,51.2,11.5,28.0,6.4,41718.0,38773.0,2945.0,7.1,60.0,28.9,44469.0,16.1,30102.0,29.2,4.4,31.8,3.9,45.9647141,-61.4706939
130,Hayward,2013,Alameda,0.7285714285714286,0.7074829931972789,434000.0,1224.0,"Hayward, CA","(0.65, 0.8]",Good,Good,141498.0,33.4,39.3,19.8,11.8,23.0,75577.0,66877.0,8700.0,11.5,62.3,27.8,61268.0,12.5,48947.0,52.2,8.5,16.0,4.8,48.8032735,-123.7244026
131,Hemet,2013,Riverside,0.7214285714285714,0.6472868217054264,156600.0,949.0,"Hemet, CA","(0.65, 0.8]",Okay,Good,76403.0,38.8,36.3,53.3,3.9,2.6,28300.0,23853.0,4447.0,15.7,41.8,31.0,35306.0,18.0,33981.0,48.0,4.4,7.3,4.9,33.778562,-117.035766636246
132,Hesperia,2013,San Bernardino,0.7413793103448276,0.7026239067055393,250900.0,1033.0,"Hesperia, CA","(0.65, 0.8]",Good,Good,86405.0,29.0,47.2,42.8,5.1,2.1,37013.0,31313.0,5700.0,15.4,51.5,38.4,48386.0,19.2,26965.0,80.9,2.4,1.9,5.8,34.4263886,-117.3008784
133,Highland,2013,San Bernardino,0.675,0.8228260869565217,334200.0,967.0,"Highland, CA","(0.65, 0.8]",Great,Good,52341.0,29.7,48.4,33.0,8.9,6.6,23919.0,21349.0,2570.0,10.7,58.8,24.2,59549.0,17.3,15752.0,76.4,1.8,4.9,5.5,43.4403252,-80.5031726
134,Hillsborough,2013,San Mateo,0.7615384615384615,0.7431506849315068,1000000.0,2000.0,"Hillsborough, CA","(0.65, 0.8]",Good,Good,10650.0,47.3,2.5,65.3,0.9,27.2,4577.0,4322.0,255.0,5.6,41.5,25.1,209231.0,2.8,3885.0,97.8,1.9,0.0,9.0,45.9222528,-64.6453656
136,Huntington Beach,2013,Orange,0.7692307692307693,0.7756410256410257,689400.0,1464.0,"Huntington Beach, CA","(0.65, 0.8]",Good,Good,188914.0,39.8,17.2,68.6,0.6,10.7,106883.0,99448.0,7435.0,7.0,61.5,26.2,80280.0,7.0,79166.0,49.4,11.7,11.2,5.4,33.6783336,-118.0000166
137,Huntington Park,2013,Los Angeles,0.6481481481481481,0.7271186440677966,397700.0,852.0,"Huntington Park, CA","(0.5, 0.65]",Good,Okay,58642.0,28.8,97.4,1.3,0.2,0.8,27062.0,24870.0,2192.0,8.1,53.3,29.6,37224.0,24.0,15321.0,41.4,13.4,13.8,3.6,43.2206894,-79.8293561479539
138,Huron,2013,Fresno,0.4821428571428571,0.6308411214953271,158700.0,505.0,"Huron, CA","(0.0, 0.5]",Okay,Low,6691.0,21.8,100.0,0.0,0.0,0.0,2304.0,1912.0,392.0,17.0,45.4,22.3,20410.0,54.5,1689.0,31.5,5.9,0.0,4.6,44.65030755,-82.2818681764462
139,Imperial Beach,2013,San Diego,0.6375,0.694300518134715,405600.0,1073.0,"Imperial Beach, CA","(0.5, 0.65]",Good,Okay,26254.0,29.6,49.4,36.4,4.5,5.9,12221.0,11041.0,1180.0,9.7,58.0,25.9,45418.0,19.5,10663.0,39.4,7.8,12.8,4.1,32.5839444,-117.1130849
140,Indian Wells,2013,Riverside,0.7558139534883721,0.696078431372549,755400.0,957.0,"Indian Wells, CA","(0.65, 0.8]",Good,Good,4858.0,68.0,7.6,88.6,1.8,0.9,1668.0,1571.0,97.0,5.8,32.3,20.1,131250.0,3.8,5172.0,65.5,22.2,3.8,6.1,33.7217965,-116.3383034
141,Indio,2013,Riverside,0.7931034482758621,0.6980337078651686,286400.0,926.0,"Indio, CA","(0.65, 0.8]",Good,Good,72486.0,30.7,65.7,26.2,2.2,1.4,34011.0,30363.0,3648.0,10.7,56.9,20.6,51921.0,19.7,27796.0,64.9,4.6,2.8,5.1,33.7192808,-116.2188054
142,Industry,2013,Los Angeles,0.5599259602036094,0.715625,366700.0,819.0,"Industry, CA","(0.5, 0.65]",Good,Okay,368.0,52.1,37.0,38.3,8.2,16.6,114.0,103.0,11.0,9.6,29.3,18.8,75521.0,37.3,75.0,97.3,0.0,0.0,5.2,33.996821,-117.886110575478
143,Inglewood,2013,Los Angeles,0.6730769230769231,0.6944444444444444,419300.0,985.0,"Inglewood, CA","(0.65, 0.8]",Good,Good,110053.0,32.3,49.7,3.3,42.8,1.3,54199.0,49000.0,5199.0,9.6,61.5,28.2,43460.0,19.8,38840.0,38.4,6.0,12.6,4.3,51.0387997,-114.0274889
144,Irvine,2013,Orange,0.7178217821782178,0.6666666666666667,677100.0,1788.0,"Irvine, CA","(0.65, 0.8]",Good,Good,199117.0,32.8,9.0,47.4,1.8,37.8,104728.0,98981.0,5747.0,5.5,57.5,22.3,90939.0,10.2,76184.0,37.0,20.2,19.0,4.9,49.9584438,-110.2732606
145,Irwindale,2013,Los Angeles,0.7725450901803608,0.7474226804123711,395100.0,1097.0,"Irwindale, CA","(0.65, 0.8]",Good,Good,1443.0,29.5,92.4,5.5,1.0,1.2,681.0,578.0,103.0,15.1,55.6,23.9,59028.0,11.4,392.0,92.1,2.6,0.0,5.4,34.1069527,-117.9353413
146,Isleton,2013,Sacramento,0.603448275862069,0.5457142857142857,243300.0,700.0,"Isleton, CA","(0.5, 0.65]",Okay,Okay,928.0,46.5,39.9,48.5,1.2,9.1,414.0,362.0,52.0,12.6,51.5,33.9,39583.0,10.0,459.0,56.4,0.0,0.0,4.4,38.1618614,-121.6116206
147,Kerman,2013,Fresno,0.5945945945945946,0.6983471074380165,255400.0,729.0,"Kerman, CA","(0.5, 0.65]",Good,Okay,12708.0,29.7,69.8,21.3,0.0,8.2,5569.0,4923.0,646.0,11.6,50.9,27.6,48973.0,22.0,3696.0,72.2,2.6,4.6,5.0,36.7235543,-120.0599144
150,Kingsburg,2013,Fresno,0.5769230769230769,0.5177304964539007,252800.0,878.0,"Kingsburg, CA","(0.5, 0.65]",Okay,Okay,11041.0,29.5,46.7,44.2,0.1,5.2,5257.0,4727.0,530.0,10.1,53.2,18.8,55218.0,15.8,3817.0,72.9,1.2,5.3,5.3,44.2727754,-64.2586595108579
152,La Habra,2013,Orange,0.6846153846153846,0.7142857142857143,472400.0,1242.0,"La Habra, CA","(0.65, 0.8]",Good,Good,59772.0,33.0,56.7,31.8,2.0,7.5,31513.0,29223.0,2290.0,7.3,61.5,27.9,62078.0,10.8,19559.0,52.7,7.6,15.5,4.8,33.9330156,-117.944777
153,La Habra Heights,2013,Los Angeles,0.5985915492957746,0.6956349206349206,906500.0,986.0,"La Habra Heights, CA","(0.5, 0.65]",Good,Okay,5278.0,45.1,21.2,61.0,0.0,14.8,2386.0,2252.0,134.0,5.6,45.7,27.3,121380.0,2.1,1856.0,96.6,3.4,0.0,7.4,33.9604546,-117.9504255
154,La Mesa,2013,San Diego,0.717741935483871,0.6992753623188406,437000.0,1137.0,"La Mesa, CA","(0.65, 0.8]",Good,Good,56250.0,38.0,17.3,63.7,6.7,6.5,30393.0,27735.0,2658.0,8.7,62.2,22.3,52932.0,11.7,25827.0,47.7,6.1,18.5,4.5,50.675786,-120.424031
155,La Mirada,2013,Los Angeles,0.5961538461538461,0.565068493150685,508100.0,1338.0,"La Mirada, CA","(0.5, 0.65]",Okay,Okay,48174.0,36.4,39.8,38.0,1.9,17.2,23563.0,21863.0,1700.0,7.2,55.6,29.6,79347.0,5.2,14933.0,80.1,5.0,7.0,5.7,33.9060971,-118.0107092
156,La Palma,2013,Orange,0.696078431372549,0.7802547770700636,615500.0,1256.0,"La Palma, CA","(0.65, 0.8]",Good,Good,15479.0,40.9,15.6,31.8,5.2,43.6,7433.0,7148.0,285.0,3.8,54.4,30.1,89788.0,6.2,4858.0,77.7,9.0,8.5,6.4,43.6513475,-79.4101178
157,La Puente,2013,Los Angeles,0.5789473684210527,0.6953223767383059,372300.0,1057.0,"La Puente, CA","(0.5, 0.65]",Good,Okay,40075.0,29.8,86.7,5.4,0.1,7.3,18933.0,17460.0,1473.0,7.8,54.5,32.6,51023.0,12.0,9777.0,69.2,5.0,13.4,5.4,34.01979,-117.9503677
158,La Quinta,2013,Riverside,0.77,0.7772988505747126,448600.0,1412.0,"La Quinta, CA","(0.65, 0.8]",Good,Good,35661.0,42.8,30.1,62.4,2.1,3.1,16815.0,15845.0,970.0,5.8,55.1,21.8,75358.0,9.3,20828.0,78.9,10.2,0.7,5.6,33.677474,-116.2958789
159,La Verne,2013,Los Angeles,0.6875,0.6683937823834196,512400.0,1171.0,"La Verne, CA","(0.65, 0.8]",Good,Good,31177.0,40.9,27.8,59.2,4.3,6.2,15782.0,14548.0,1234.0,7.8,57.6,28.7,77227.0,6.8,11393.0,65.1,8.0,2.7,5.9,34.1008426,-117.7678355
160,Laguna Beach,2013,Orange,0.7204724409448819,0.731023102310231,1000000.0,1771.0,"Laguna Beach, CA","(0.65, 0.8]",Good,Good,22788.0,47.9,6.6,86.5,0.4,4.6,12818.0,12256.0,562.0,4.4,57.2,29.8,98634.0,7.5,13243.0,65.7,5.3,6.0,5.2,49.28381515,-123.139252730517
161,Laguna Hills,2013,Orange,0.6982758620689655,0.6830357142857143,627600.0,1727.0,"Laguna Hills, CA","(0.65, 0.8]",Good,Good,30416.0,40.7,21.9,62.6,0.8,10.2,16970.0,15698.0,1272.0,7.5,59.8,25.6,87337.0,8.5,11126.0,58.2,17.4,8.7,5.9,33.5948758,-117.6882067
162,Laguna Niguel,2013,Orange,0.75,0.7734899328859061,748300.0,1737.0,"Laguna Niguel, CA","(0.65, 0.8]",Good,Good,62614.0,43.0,11.6,73.2,1.7,9.8,34119.0,31664.0,2455.0,7.2,60.9,27.3,97018.0,5.5,25805.0,56.8,20.2,4.5,5.9,33.5225261,-117.7075526
163,Lake Elsinore,2013,Riverside,0.6132075471698113,0.5407725321888412,293700.0,1149.0,"Lake Elsinore, CA","(0.5, 0.65]",Okay,Okay,48644.0,28.3,46.6,39.7,5.5,4.7,23885.0,21271.0,2614.0,10.9,61.9,42.5,63726.0,12.4,15707.0,74.0,5.0,2.9,6.1,33.6680772,-117.3272615
164,Lake Forest,2013,Orange,0.7924528301886792,0.8016528925619835,579000.0,1664.0,"Lake Forest, CA","(0.65, 0.8]",Great,Good,76724.0,37.9,22.4,59.0,1.5,13.2,43789.0,41346.0,2443.0,5.6,66.6,26.0,91040.0,5.3,28053.0,54.0,15.2,6.6,5.5,33.6469261,-117.6859213
166,Lakeport,2013,Lake,0.7459016393442623,0.7612612612612613,308400.0,860.0,"Lakeport, CA","(0.65, 0.8]",Good,Good,4855.0,47.9,16.3,77.3,1.2,0.5,2068.0,1853.0,215.0,10.4,50.6,19.7,34340.0,12.6,2344.0,62.1,4.5,3.5,4.9,39.0429506,-122.9158293
167,Lakewood,2013,Los Angeles,0.71875,0.6732673267326732,499100.0,1388.0,"Lakewood, CA","(0.65, 0.8]",Good,Good,79859.0,36.5,29.1,41.3,7.7,16.8,42570.0,39844.0,2726.0,6.4,64.4,27.3,77380.0,5.2,26597.0,82.7,3.5,6.9,5.6,52.1089379,-106.5809778
168,Lancaster,2013,Los Angeles,0.71875,0.6724137931034483,252100.0,1081.0,"Lancaster, CA","(0.65, 0.8]",Good,Good,149709.0,30.6,36.2,36.4,18.6,5.6,62077.0,55874.0,6203.0,10.0,51.5,31.1,51192.0,20.2,50235.0,69.5,1.6,6.2,5.9,45.1412642,-74.4984059
169,Lathrop,2013,San Joaquin,0.7598039215686274,0.6231707317073171,289800.0,1534.0,"Lathrop, CA","(0.65, 0.8]",Okay,Good,17040.0,30.1,45.5,24.2,4.8,22.4,8173.0,7120.0,1053.0,12.9,61.7,40.0,68226.0,8.3,5124.0,88.6,2.1,1.3,6.2,37.8227046,-121.27661
170,Lawndale,2013,Los Angeles,0.6323529411764706,0.6777251184834123,439500.0,1264.0,"Lawndale, CA","(0.5, 0.65]",Good,Okay,32552.0,30.5,61.9,18.1,6.8,10.1,15952.0,14146.0,1806.0,11.3,58.3,25.5,48357.0,15.8,10376.0,52.3,14.0,10.3,4.3,49.8754288,-97.1288219
171,Lemon Grove,2013,San Diego,0.574468085106383,0.48888888888888893,378000.0,1089.0,"Lemon Grove, CA","(0.5, 0.65]",Low,Okay,25074.0,35.4,39.8,38.1,11.2,6.1,11528.0,10723.0,805.0,7.0,58.3,24.3,50839.0,16.4,9128.0,66.8,8.9,8.3,5.1,32.7425516,-117.0314172
172,Lincoln,2013,Placer,0.8227848101265823,0.7784810126582278,395500.0,1402.0,"Lincoln, CA","(0.8, 1.0]",Good,Great,37771.0,40.6,18.0,69.7,2.0,5.8,15537.0,14473.0,1064.0,6.8,46.4,29.2,73375.0,6.7,15547.0,89.3,2.1,1.2,5.8,43.17354645,-79.4160041387348
173,Livermore,2013,Alameda,0.7710843373493976,0.7458563535911602,592500.0,1314.0,"Livermore, CA","(0.65, 0.8]",Good,Good,78520.0,38.7,19.2,66.4,1.9,9.0,43517.0,40548.0,2969.0,6.8,63.9,28.0,93988.0,5.6,29796.0,70.8,8.4,5.4,5.9,37.6820583,-121.7680531
174,Lodi,2013,San Joaquin,0.689655172413793,0.6877637130801688,334000.0,986.0,"Lodi, CA","(0.65, 0.8]",Good,Good,62225.0,34.2,33.2,57.4,1.4,6.0,28324.0,25631.0,2693.0,9.5,50.6,23.4,48695.0,15.8,22876.0,63.1,6.1,12.4,5.0,45.2232055,-75.0073385
175,Loma Linda,2013,San Bernardino,0.7717391304347826,0.7878787878787878,348000.0,1100.0,"Loma Linda, CA","(0.65, 0.8]",Good,Good,22837.0,35.9,27.2,41.1,4.7,24.6,11316.0,10551.0,765.0,6.8,53.2,18.9,56112.0,12.7,9484.0,46.6,7.4,9.2,4.6,34.0754931,-117.245860115332
176,Lomita,2013,Los Angeles,0.7264150943396226,0.7942583732057416,532100.0,1139.0,"Lomita, CA","(0.65, 0.8]",Good,Good,20186.0,37.8,35.9,41.1,2.6,14.4,10648.0,10161.0,487.0,4.6,61.3,25.4,62464.0,8.6,8238.0,49.1,9.2,19.1,4.4,33.8036545,-118.3195014
177,Lompoc,2013,Santa Barbara,0.7049180327868851,0.7267441860465116,330600.0,917.0,"Lompoc, CA","(0.65, 0.8]",Good,Good,41864.0,32.0,49.0,37.2,6.3,3.5,18687.0,16866.0,1821.0,9.7,61.2,26.1,46932.0,18.9,14274.0,54.2,5.3,3.7,4.9,34.6391501,-120.4579409
178,Long Beach,2013,Los Angeles,0.743421052631579,0.7470119521912351,508900.0,1033.0,"Long Beach, CA","(0.65, 0.8]",Good,Good,461823.0,32.6,40.3,29.4,12.9,13.1,239661.0,215520.0,24141.0,10.1,61.2,27.9,51173.0,19.1,175732.0,42.3,5.8,15.1,4.3,44.4567705,-78.7359702
179,Loomis,2013,Placer,0.6451612903225806,0.5787037037037037,384800.0,1213.0,"Loomis, CA","(0.5, 0.65]",Okay,Okay,6501.0,43.7,4.2,88.9,0.2,5.2,3386.0,3328.0,58.0,1.7,59.7,26.7,74722.0,5.9,2613.0,85.4,5.8,0.0,6.0,49.2085518,-108.7379989
180,Los Alamitos,2013,Orange,0.6481481481481481,0.6666666666666667,688400.0,1418.0,"Los Alamitos, CA","(0.5, 0.65]",Good,Okay,11414.0,40.0,20.3,57.9,3.2,14.1,5792.0,5431.0,361.0,6.2,57.1,27.4,76528.0,5.6,4268.0,47.7,8.5,4.9,4.9,33.8038865,-118.0772433
181,Los Altos,2013,Santa Clara,0.7045454545454546,0.7166666666666667,1000000.0,2000.0,"Los Altos, CA","(0.65, 0.8]",Good,Good,28409.0,45.4,5.8,67.7,0.2,21.2,12733.0,11958.0,775.0,6.1,49.1,21.3,149964.0,2.2,11097.0,83.6,5.0,6.1,6.7,37.3790629,-122.116578
182,Los Altos Hills,2013,Santa Clara,0.8529411764705882,0.875,1000000.0,2000.0,"Los Altos Hills, CA","(0.8, 1.0]",Great,Great,7858.0,48.8,1.5,63.2,0.2,33.5,3241.0,3132.0,109.0,3.4,36.1,23.0,219485.0,2.6,2839.0,98.3,0.3,0.5,8.5,37.3796627,-122.1374637
184,Los Gatos,2013,Santa Clara,0.6666666666666667,0.6508620689655172,1000000.0,1637.0,"Los Gatos, CA","(0.65, 0.8]",Good,Good,28878.0,43.4,5.3,80.9,1.6,9.5,14455.0,13549.0,906.0,6.3,55.4,23.4,120971.0,3.5,12819.0,57.9,13.6,10.5,5.8,37.226611,-121.9746797
185,Madera,2013,Madera,0.6224489795918368,0.6379310344827587,230300.0,841.0,"Madera, CA","(0.5, 0.65]",Okay,Okay,59006.0,27.4,73.9,19.2,3.1,2.5,24346.0,21267.0,3079.0,12.6,49.7,24.4,40889.0,25.7,17598.0,71.7,1.9,4.4,5.1,36.9622745,-120.0594685
187,Malibu,2013,Los Angeles,0.6141304347826086,0.6982758620689655,1000000.0,2000.0,"Malibu, CA","(0.5, 0.65]",Good,Okay,12794.0,42.5,6.7,82.0,1.4,4.5,6163.0,5741.0,422.0,6.8,49.5,29.5,125202.0,6.3,6252.0,69.6,7.9,5.7,6.3,49.28388955,-123.137194429102
188,Mammoth Lakes,2013,Mono,0.7301136363636365,0.7629179331306991,729700.0,1091.0,"Mammoth Lakes, CA","(0.65, 0.8]",Good,Good,8005.0,31.8,34.5,61.6,1.2,0.4,5473.0,5163.0,310.0,5.7,80.8,12.1,54414.0,15.2,9385.0,24.6,3.0,12.1,4.1,37.6268015,-118.846749997302
189,Manteca,2013,San Joaquin,0.5892857142857143,0.5355450236966824,324900.0,1077.0,"Manteca, CA","(0.5, 0.65]",Okay,Okay,64959.0,32.4,36.8,49.0,3.2,6.5,32770.0,28907.0,3863.0,11.8,63.2,33.6,60944.0,9.1,23063.0,76.4,4.9,4.9,5.6,37.7986184,-121.2117148
190,Maricopa,2013,Kern,0.5877192982456141,0.5207253886010363,87200.0,728.0,"Maricopa, CA","(0.5, 0.65]",Okay,Okay,1205.0,32.5,21.1,76.3,0.7,0.9,406.0,318.0,88.0,21.7,24.1,34.8,39464.0,33.8,428.0,40.2,0.7,0.0,5.1,35.058858,-119.4009509
191,Marina,2013,Monterey,0.7536231884057971,0.7901234567901234,514900.0,1054.0,"Marina, CA","(0.65, 0.8]",Good,Good,19529.0,35.3,26.9,36.1,7.4,17.2,10330.0,9660.0,670.0,6.5,62.3,24.1,51547.0,14.9,7687.0,45.8,9.4,9.5,4.7,56.5,-119.2
193,Martinez,2013,Contra Costa,0.5983606557377048,0.5669642857142857,520800.0,1201.0,"Martinez, CA","(0.5, 0.65]",Okay,Okay,35622.0,43.1,14.0,70.8,4.1,7.4,19626.0,18164.0,1462.0,7.4,66.7,26.4,75679.0,7.9,15462.0,62.7,14.2,6.8,5.5,38.0103311,-122.1298309
194,Maywood,2013,Los Angeles,0.5588235294117647,0.6942028985507246,360200.0,941.0,"Maywood, CA","(0.5, 0.65]",Good,Okay,27515.0,26.9,97.5,1.3,0.5,0.7,12571.0,11052.0,1519.0,12.1,49.8,28.8,38740.0,22.5,6907.0,54.5,12.9,4.6,4.0,43.2282384,-79.9755846
195,McFarland,2013,Kern,0.5862068965517242,0.7931034482758621,163800.0,675.0,"McFarland, CA","(0.5, 0.65]",Good,Okay,12302.0,25.5,89.2,7.1,1.2,0.9,4729.0,3919.0,810.0,17.1,49.8,27.4,35656.0,34.9,2693.0,84.0,2.0,2.3,5.2,35.6780104,-119.2292748
197,Mendota,2013,Fresno,0.375,0.5089285714285714,151000.0,603.0,"Mendota, CA","(0.0, 0.5]",Okay,Low,10459.0,24.2,97.6,0.0,0.0,1.2,4122.0,3230.0,892.0,21.6,46.7,27.5,25216.0,44.6,2796.0,57.9,6.4,2.4,4.8,36.7535486,-120.3815579
198,Menlo Park,2013,San Mateo,0.7066666666666667,0.7391304347826086,1000000.0,1710.0,"Menlo Park, CA","(0.65, 0.8]",Good,Good,31318.0,39.0,17.6,63.1,5.6,9.8,16826.0,15811.0,1015.0,6.0,60.3,22.1,107860.0,6.2,13313.0,55.2,7.9,10.6,5.2,37.4538274,-122.1821871
200,Millbrae,2013,San Mateo,0.6981132075471698,0.6666666666666667,925300.0,1433.0,"Millbrae, CA","(0.65, 0.8]",Good,Good,21007.0,45.2,15.0,41.7,2.0,39.0,10654.0,10064.0,590.0,5.5,55.4,27.3,80763.0,5.9,8537.0,63.6,3.5,14.8,5.5,37.5985468,-122.3871942
201,Milpitas,2013,Santa Clara,0.6031746031746031,0.5773195876288659,608000.0,1572.0,"Milpitas, CA","(0.5, 0.65]",Okay,Okay,65150.0,35.7,16.4,17.3,2.8,59.1,33345.0,30912.0,2433.0,7.3,60.8,22.2,92694.0,5.8,19832.0,58.9,16.9,9.2,5.5,37.4282724,-121.9066238
202,Mission Viejo,2013,Orange,0.6578947368421053,0.65,622000.0,1694.0,"Mission Viejo, CA","(0.65, 0.8]",Okay,Good,92615.0,41.5,14.0,72.3,1.3,8.9,50280.0,47222.0,3058.0,6.1,59.7,25.7,95878.0,4.2,34441.0,72.4,12.0,5.6,6.1,33.5965685,-117.659405
203,Modesto,2013,Stanislaus,0.55,0.5181159420289856,282500.0,974.0,"Modesto, CA","(0.5, 0.65]",Okay,Okay,201898.0,33.2,35.2,50.7,3.6,6.4,92867.0,81111.0,11756.0,12.7,56.5,25.4,50550.0,16.8,74012.0,69.6,4.3,5.8,5.3,37.6390972,-120.9968782
206,Monrovia,2013,Los Angeles,0.6666666666666667,0.6815286624203821,561000.0,1220.0,"Monrovia, CA","(0.65, 0.8]",Good,Good,36616.0,37.5,37.4,41.7,6.9,11.2,20398.0,19182.0,1216.0,6.0,62.9,26.8,65477.0,9.8,14444.0,57.8,12.0,8.9,4.7,34.1483499,-118.0014517
207,Montclair,2013,San Bernardino,0.6538461538461539,0.5771812080536913,330900.0,1040.0,"Montclair, CA","(0.65, 0.8]",Okay,Good,36704.0,30.1,67.4,15.4,4.4,10.3,18489.0,15607.0,2882.0,15.6,59.8,29.5,53870.0,15.2,9692.0,58.8,4.8,4.2,5.2,43.6306073,-79.4124374
208,Monte Sereno,2013,Santa Clara,0.7307692307692307,0.7631048387096775,1000000.0,2000.0,"Monte Sereno, CA","(0.65, 0.8]",Good,Good,3312.0,45.7,8.9,72.4,1.0,13.3,1548.0,1463.0,85.0,5.5,51.0,25.1,139145.0,2.4,1217.0,97.0,1.6,0.0,7.6,37.236333,-121.992458
209,Montebello,2013,Los Angeles,0.7640449438202247,0.7982456140350878,456500.0,1045.0,"Montebello, CA","(0.65, 0.8]",Good,Good,62416.0,33.6,78.6,8.8,1.0,10.5,28891.0,26450.0,2441.0,8.4,53.9,28.6,50881.0,14.9,19980.0,49.7,7.8,16.0,4.6,45.6512171,-74.942673
210,Monterey,2013,Monterey,0.7363636363636363,0.7559055118110236,766800.0,1258.0,"Monterey, CA","(0.65, 0.8]",Good,Good,27827.0,37.1,14.2,69.2,2.3,9.1,12935.0,12002.0,933.0,7.2,60.3,15.1,61271.0,10.6,13032.0,43.1,6.1,10.6,4.4,49.88525745,-97.1414618042211
211,Monterey Park,2013,Los Angeles,0.64,0.6678571428571428,495600.0,1111.0,"Monterey Park, CA","(0.5, 0.65]",Good,Okay,60176.0,41.5,27.5,4.7,0.1,65.5,28823.0,26840.0,1983.0,6.9,51.3,28.0,52159.0,12.6,20631.0,57.7,9.5,9.0,4.9,51.0814733,-113.9284589
213,Moorpark,2013,Ventura,0.7,0.6648044692737429,609000.0,1672.0,"Moorpark, CA","(0.65, 0.8]",Good,Good,33808.0,34.9,31.4,59.1,1.2,6.7,18907.0,17944.0,963.0,5.1,65.1,29.1,101962.0,3.5,10858.0,72.8,13.2,2.6,6.3,34.285558,-118.8820414
214,Moreno Valley,2013,Riverside,0.6363636363636364,0.6352201257861636,296400.0,1271.0,"Moreno Valley, CA","(0.5, 0.65]",Okay,Okay,187428.0,27.6,51.3,21.1,17.3,6.5,85749.0,75993.0,9756.0,11.4,57.1,35.5,56507.0,16.2,54218.0,80.7,2.0,4.8,5.9,33.937517,-117.2305944
215,Morgan Hill,2013,Santa Clara,0.5655737704918032,0.5368098159509203,673400.0,1401.0,"Morgan Hill, CA","(0.5, 0.65]",Okay,Okay,36630.0,35.7,35.1,47.8,2.0,11.5,18871.0,17506.0,1365.0,7.2,63.2,29.1,92771.0,10.0,12795.0,61.5,14.6,2.7,6.1,45.8641932,-65.576117
216,Mountain View,2013,Santa Clara,0.7628205128205128,0.8256880733944955,779500.0,1427.0,"Mountain View, CA","(0.65, 0.8]",Great,Good,72510.0,35.9,20.3,48.3,2.3,25.0,43155.0,40539.0,2616.0,6.1,63.7,20.7,88244.0,6.8,32646.0,30.6,11.6,28.7,4.1,45.5073725,-73.6050824
217,Murrieta,2013,Riverside,0.6630434782608695,0.6673913043478261,369600.0,1365.0,"Murrieta, CA","(0.65, 0.8]",Good,Good,95668.0,32.4,27.2,53.9,5.2,9.3,45110.0,40846.0,4264.0,9.5,56.9,36.7,78739.0,6.2,32528.0,75.9,3.4,5.4,6.5,33.5777524,-117.188454202053
218,Napa,2013,Napa,0.7671232876712328,0.7554945054945055,528000.0,1177.0,"Napa, CA","(0.65, 0.8]",Good,Good,76006.0,37.4,37.1,57.5,1.0,2.4,39597.0,36557.0,3040.0,7.7,58.2,22.2,62767.0,11.7,30290.0,62.0,6.7,6.8,5.0,45.942024,-66.6739451380993
220,National City,2013,San Diego,0.6521739130434783,0.6642512077294686,351900.0,893.0,"National City, CA","(0.65, 0.8]",Good,Good,57343.0,31.5,64.2,10.5,4.0,19.0,23344.0,20917.0,2427.0,10.4,51.5,26.0,36280.0,22.6,17906.0,44.3,9.8,17.7,4.4,32.6781085,-117.0991967
221,Needles,2013,San Bernardino,0.5,0.525,146300.0,709.0,"Needles, CA","(0.0, 0.5]",Okay,Low,4938.0,42.5,15.2,69.8,3.6,1.2,1994.0,1721.0,273.0,13.7,45.4,23.2,31226.0,26.1,3024.0,67.0,2.1,1.8,4.4,49.8726647,-118.1034017
222,Nevada City,2013,Nevada,0.6837606837606838,0.6379310344827587,496700.0,1171.0,"Nevada City, CA","(0.65, 0.8]",Okay,Good,3087.0,41.6,10.3,82.0,0.5,5.4,1781.0,1608.0,173.0,9.7,68.1,20.1,59167.0,4.6,1454.0,71.0,4.7,0.0,5.1,39.2615606,-121.0160594
224,Newark,2013,Alameda,0.6917808219178082,0.6375,551900.0,1387.0,"Newark, CA","(0.65, 0.8]",Okay,Good,41981.0,35.3,33.5,30.1,4.2,26.4,22741.0,20943.0,1798.0,7.9,62.4,25.1,81352.0,7.6,13658.0,71.0,10.0,8.4,5.6,42.972978,-80.6953669
225,Newport Beach,2013,Orange,0.6666666666666666,0.6608695652173913,1000000.0,1858.0,"Newport Beach, CA","(0.65, 0.8]",Good,Good,83571.0,42.8,7.4,83.0,0.6,7.2,46129.0,44109.0,2020.0,4.4,54.1,23.3,107007.0,6.3,43503.0,45.5,15.9,17.7,5.2,43.6290125,-79.4776798032989
226,Norco,2013,Riverside,0.7456140350877194,0.7251082251082251,524600.0,1417.0,"Norco, CA","(0.65, 0.8]",Good,Good,26984.0,38.9,27.1,58.8,6.5,3.7,12201.0,11252.0,949.0,7.8,61.3,33.4,80426.0,9.4,7594.0,95.2,1.3,1.3,6.6,51.826962,-105.7659946
227,Norwalk,2013,Los Angeles,0.6625,0.6719457013574661,398300.0,1207.0,"Norwalk, CA","(0.65, 0.8]",Good,Good,105108.0,33.7,67.4,12.9,4.5,13.9,50681.0,45709.0,4972.0,9.8,55.8,27.3,60488.0,11.1,28790.0,73.3,4.5,11.5,5.0,33.9092802,-118.0849169
228,Oakland,2013,Alameda,0.6637931034482758,0.6993464052287581,528600.0,1000.0,"Oakland, CA","(0.65, 0.8]",Good,Good,386909.0,36.0,25.2,26.2,28.0,15.8,203985.0,183285.0,20700.0,10.1,60.4,27.5,49721.0,18.7,173851.0,43.5,4.0,18.2,4.4,43.0317491,-80.3310713
229,Oceanside,2013,San Diego,0.6904761904761905,0.6904761904761905,429700.0,1299.0,"Oceanside, CA","(0.65, 0.8]",Good,Good,164709.0,35.0,35.9,48.9,4.2,6.3,81634.0,74433.0,7201.0,8.8,57.4,28.2,63577.0,10.1,63746.0,52.7,11.7,8.2,5.2,33.1958696,-117.3794834
230,Ojai,2013,Ventura,0.6385542168674699,0.6385542168674699,659600.0,1278.0,"Ojai, CA","(0.5, 0.65]",Okay,Okay,7525.0,45.6,18.7,76.6,0.0,1.6,4003.0,3639.0,364.0,9.1,54.6,25.7,61990.0,5.6,3251.0,68.5,9.5,2.6,5.4,34.4480495,-119.242889
231,Ontario,2013,San Bernardino,0.6616161616161615,0.6280487804878049,346800.0,1198.0,"Ontario, CA","(0.65, 0.8]",Okay,Good,165215.0,30.2,65.4,20.5,7.5,4.2,84741.0,74919.0,9822.0,11.6,61.2,27.4,57771.0,12.7,48575.0,59.0,6.6,7.7,5.2,50.000678,-86.000977
232,Orange,2013,Orange,0.7376237623762376,0.7152777777777778,598000.0,1385.0,"Orange, CA","(0.65, 0.8]",Good,Good,134569.0,35.3,37.5,46.9,1.4,12.0,71852.0,66340.0,5512.0,7.7,62.6,25.6,76742.0,9.1,44217.0,57.6,10.7,11.1,5.4,33.7500378,-117.8704931
233,Orange Cove,2013,Fresno,0.881578947368421,0.8456947996589941,169100.0,669.0,"Orange Cove, CA","(0.8, 1.0]",Great,Great,8718.0,23.3,97.1,2.5,0.0,0.0,3383.0,2787.0,596.0,17.6,53.7,25.2,26942.0,43.9,2040.0,61.5,4.2,4.4,5.0,45.0735448,-66.6716048
235,Oroville,2013,Butte,0.5583333333333333,0.5290697674418605,214200.0,644.0,"Oroville, CA","(0.5, 0.65]",Okay,Okay,15369.0,31.7,10.4,74.7,2.9,5.2,6476.0,5607.0,869.0,13.4,50.0,17.4,37141.0,22.5,6199.0,58.5,3.6,7.0,4.9,39.5137752,-121.556359
236,Oxnard,2013,Ventura,0.7198275862068966,0.7132352941176471,454700.0,1219.0,"Oxnard, CA","(0.65, 0.8]",Good,Good,192520.0,30.3,70.2,15.6,3.2,8.7,94175.0,86408.0,7767.0,8.2,57.9,24.3,59015.0,15.1,54416.0,57.3,10.7,8.6,5.4,34.1976308,-119.1803818
237,Pacific Grove,2013,Monterey,0.7295081967213115,0.6310975609756098,766100.0,1321.0,"Pacific Grove, CA","(0.65, 0.8]",Okay,Good,14902.0,45.8,7.4,81.3,1.2,7.2,7899.0,7428.0,471.0,6.0,59.2,18.3,66730.0,6.8,7723.0,57.9,6.1,7.1,4.6,36.6174432,-121.9155906
238,Pacifica,2013,San Mateo,0.6000000000000001,0.6265060240963856,669500.0,1568.0,"Pacifica, CA","(0.5, 0.65]",Okay,Okay,36805.0,41.7,16.7,56.8,2.0,18.6,21793.0,20380.0,1413.0,6.5,69.6,28.0,90472.0,4.8,14506.0,71.2,6.5,7.6,5.6,49.19968475,-122.85395333696
239,Palm Desert,2013,Riverside,0.7406015037593985,0.7040358744394619,384300.0,1160.0,"Palm Desert, CA","(0.65, 0.8]",Good,Good,48534.0,52.8,21.3,72.7,1.4,3.3,21502.0,19773.0,1729.0,8.0,46.2,19.6,56897.0,8.8,36868.0,39.6,29.2,4.7,4.9,33.7288179,-116.3825711
240,Palm Springs,2013,Riverside,0.7230215827338129,0.7450980392156863,352700.0,933.0,"Palm Springs, CA","(0.65, 0.8]",Good,Good,45012.0,50.7,23.3,64.4,4.5,4.5,21959.0,20063.0,1896.0,8.6,48.7,21.1,44728.0,11.9,36344.0,36.4,24.2,8.9,4.4,33.77217945,-116.495297697851
241,Palmdale,2013,Los Angeles,0.75,0.735632183908046,277700.0,1078.0,"Palmdale, CA","(0.65, 0.8]",Good,Good,146184.0,29.0,52.9,26.3,13.7,4.2,64299.0,56588.0,7711.0,12.0,54.6,40.3,55696.0,17.7,44295.0,79.0,1.8,4.8,6.1,34.5793131,-118.1171108
242,Palo Alto,2013,Santa Clara,0.7621951219512195,0.795774647887324,1000000.0,1654.0,"Palo Alto, CA","(0.65, 0.8]",Good,Good,62486.0,41.2,6.6,61.9,2.8,25.3,31699.0,30047.0,1652.0,5.2,57.3,21.8,120670.0,5.7,26990.0,57.9,4.4,18.1,5.1,37.442156,-122.1634472
243,Paradise,2013,Butte,0.6770833333333333,0.6382978723404256,240000.0,767.0,"Paradise, CA","(0.65, 0.8]",Okay,Good,26425.0,51.3,6.9,86.7,0.3,1.3,11217.0,10455.0,762.0,6.8,44.0,21.3,42839.0,12.6,13051.0,69.3,2.6,1.9,5.1,47.5255933,-52.8724145
244,Paramount,2013,Los Angeles,0.6583333333333334,0.7027649769585254,336300.0,1107.0,"Paramount, CA","(0.65, 0.8]",Good,Good,54187.0,28.4,77.8,7.3,11.2,2.5,24445.0,21953.0,2492.0,10.2,52.2,26.1,41333.0,19.2,15441.0,45.4,11.7,18.4,4.3,43.6384141,-79.4175907
245,Parlier,2013,Fresno,0.7727272727272727,0.8854748603351955,174200.0,713.0,"Parlier, CA","(0.65, 0.8]",Great,Good,13928.0,26.4,97.2,2.0,0.0,0.3,6091.0,5439.0,652.0,10.7,54.3,22.2,34405.0,29.5,3530.0,68.8,1.8,3.1,5.1,36.6116174,-119.5270734
246,Pasadena,2013,Los Angeles,0.7293577981651376,0.7320261437908497,657300.0,1260.0,"Pasadena, CA","(0.65, 0.8]",Good,Good,136449.0,37.0,34.3,39.5,10.6,12.7,73925.0,68001.0,5924.0,8.0,58.2,26.2,65422.0,13.5,57188.0,44.3,6.6,22.0,4.4,49.0139234,-57.5986531
247,Perris,2013,Riverside,0.6666666666666666,0.4368932038834952,239100.0,1153.0,"Perris, CA","(0.65, 0.8]",Low,Good,63644.0,25.7,70.6,13.4,10.8,3.0,27623.0,23176.0,4447.0,16.1,57.1,37.5,50471.0,22.3,16993.0,76.0,2.2,2.7,5.6,33.7825194,-117.2286478
248,Pico Rivera,2013,Los Angeles,0.7267441860465116,0.7474226804123711,414200.0,1123.0,"Pico Rivera, CA","(0.65, 0.8]",Good,Good,62988.0,34.1,91.0,5.3,0.5,2.4,29520.0,27480.0,2040.0,6.9,52.9,29.4,57594.0,11.0,17000.0,76.6,3.8,11.9,5.2,33.9830688,-118.096735
249,Piedmont,2013,Alameda,0.7926829268292683,0.8415300546448088,1000000.0,2000.0,"Piedmont, CA","(0.65, 0.8]",Great,Good,10573.0,44.5,4.4,71.2,1.2,19.5,5471.0,5206.0,265.0,4.8,60.8,26.7,169674.0,2.4,3797.0,94.6,1.2,0.4,7.5,45.8992468,-74.134662
250,Pittsburg,2013,Contra Costa,0.6492537313432836,0.68875,361100.0,1229.0,"Pittsburg, CA","(0.5, 0.65]",Good,Okay,61723.0,31.3,41.7,20.8,17.5,14.6,29946.0,27266.0,2680.0,8.9,59.9,34.7,57828.0,13.6,20825.0,70.6,6.2,6.9,5.6,38.0181745,-121.8901232
251,Placentia,2013,Orange,0.6986301369863013,0.6148325358851674,576400.0,1386.0,"Placentia, CA","(0.65, 0.8]",Okay,Good,49566.0,35.0,36.0,45.9,1.3,14.9,25851.0,24135.0,1716.0,6.6,59.8,26.4,76678.0,10.9,16679.0,59.4,11.3,9.6,5.6,47.2435087,-53.9635466
253,Placerville,2013,El Dorado,0.6521739130434783,0.7572815533980582,325800.0,922.0,"Placerville, CA","(0.65, 0.8]",Good,Good,10384.0,36.2,20.7,73.3,0.8,1.1,4977.0,4430.0,547.0,11.0,55.1,25.5,52216.0,17.0,4350.0,65.4,3.4,5.1,5.1,38.7296252,-120.798546
254,Pleasant Hill,2013,Contra Costa,0.61,0.5349999999999999,612900.0,1390.0,"Pleasant Hill, CA","(0.5, 0.65]",Okay,Okay,32826.0,40.5,12.3,67.6,1.7,13.4,18282.0,16870.0,1412.0,7.7,64.4,26.7,80671.0,6.9,14010.0,59.8,10.9,11.0,5.5,45.6459343,-61.3684811
255,Pleasanton,2013,Alameda,0.69,0.6681034482758621,778000.0,1569.0,"Pleasanton, CA","(0.65, 0.8]",Good,Good,68204.0,37.9,11.9,59.4,2.1,22.3,35877.0,33571.0,2306.0,6.4,59.6,29.0,115188.0,3.5,24486.0,64.2,10.0,8.9,6.1,37.6624312,-121.8746789
257,Point Arena,2013,Mendocino,0.19354838709677424,-0.06164383561643838,350000.0,903.0,"Point Arena, CA","(0.0, 0.5]",,Low,476.0,34.5,41.0,54.2,0.0,1.9,264.0,249.0,15.0,5.7,65.1,17.0,37292.0,31.5,237.0,63.7,5.1,3.0,4.2,38.908798,-123.6930726
258,Port Hueneme,2013,Ventura,0.6578947368421053,0.6376811594202898,387200.0,1322.0,"Port Hueneme, CA","(0.65, 0.8]",Okay,Good,21723.0,31.7,51.3,35.1,3.6,6.6,8995.0,8254.0,741.0,8.2,54.5,21.9,51555.0,15.6,8020.0,32.6,29.2,16.1,4.9,34.1477829,-119.1951074
259,Portola,2013,Plumas,0.3793103448275862,0.2867647058823529,203400.0,807.0,"Portola, CA","(0.0, 0.5]",Low,Low,3042.0,38.9,28.8,63.5,1.5,0.0,1324.0,1093.0,231.0,17.4,42.6,29.9,35339.0,12.5,1460.0,71.2,0.0,4.9,4.8,39.819389,-120.467362042291
260,Portola Valley,2013,San Mateo,0.8,0.7732558139534884,1000000.0,2000.0,"Portola Valley, CA","(0.65, 0.8]",Good,Good,4283.0,50.5,5.0,88.0,0.0,5.1,1588.0,1476.0,112.0,7.1,36.9,24.4,167227.0,1.8,1800.0,80.9,0.0,8.4,7.1,37.3841067,-122.2352443
261,Poway,2013,San Diego,0.6976744186046511,0.7572254335260116,606000.0,1339.0,"Poway, CA","(0.65, 0.8]",Good,Good,47481.0,40.4,15.5,70.1,1.0,9.8,25291.0,23889.0,1402.0,5.5,61.8,24.4,97285.0,4.3,16660.0,75.2,4.1,8.7,6.3,32.9628234,-117.0358646
262,Rancho Cucamonga,2013,San Bernardino,0.6838235294117647,0.6796407185628743,449800.0,1409.0,"Rancho Cucamonga, CA","(0.65, 0.8]",Good,Good,160780.0,33.9,34.4,43.9,8.5,9.5,87455.0,79995.0,7460.0,8.5,66.3,30.1,78572.0,4.8,55477.0,62.4,6.2,9.7,5.7,34.1033192,-117.5751735
263,Rancho Mirage,2013,Riverside,0.7380952380952381,0.7475247524752475,600200.0,1200.0,"Rancho Mirage, CA","(0.65, 0.8]",Good,Good,16726.0,62.0,10.6,82.3,2.0,1.5,6575.0,5981.0,594.0,9.0,35.0,24.3,74327.0,10.6,13883.0,53.7,29.6,3.3,5.4,33.770859,-116.426874023456
264,Redding,2013,Shasta,0.6484375,0.5840336134453781,271900.0,859.0,"Redding, CA","(0.5, 0.65]",Okay,Okay,89380.0,38.4,8.5,82.7,0.9,2.6,41905.0,36906.0,4999.0,11.9,54.0,16.8,43550.0,17.3,38087.0,63.6,4.4,5.8,5.1,40.5863563,-122.3916754
265,Redlands,2013,San Bernardino,0.6355932203389831,0.654109589041096,370600.0,1067.0,"Redlands, CA","(0.5, 0.65]",Good,Okay,68852.0,34.8,29.4,55.3,4.8,7.5,34979.0,32060.0,2919.0,8.3,59.7,22.3,67651.0,10.1,25982.0,63.9,4.4,5.5,5.5,34.0707195,-117.099505678628
266,Redwood City,2013,San Mateo,0.7637362637362637,0.78125,808600.0,1340.0,"Redwood City, CA","(0.65, 0.8]",Good,Good,75193.0,36.7,36.7,46.3,2.7,10.7,40458.0,37869.0,2589.0,6.4,61.4,23.1,75231.0,9.6,29247.0,47.8,13.9,13.2,4.7,37.4863239,-122.2325233
267,Reedley,2013,Fresno,0.782258064516129,0.7619047619047619,223700.0,799.0,"Reedley, CA","(0.65, 0.8]",Good,Good,23669.0,32.0,72.5,22.1,0.4,3.6,10064.0,9050.0,1014.0,10.1,47.2,23.6,46693.0,22.9,6603.0,72.8,1.2,2.9,5.2,36.5969275,-119.450270101581
268,Rialto,2013,San Bernardino,0.7105263157894737,0.7028753993610224,301100.0,1069.0,"Rialto, CA","(0.65, 0.8]",Good,Good,99311.0,28.2,66.2,14.4,15.3,2.0,44205.0,39370.0,4835.0,10.9,53.6,31.7,50555.0,14.7,26720.0,71.7,2.7,5.7,5.6,34.1064001,-117.3703235
269,Ridgecrest,2013,Kern,0.5545454545454545,0.6747572815533981,188300.0,739.0,"Ridgecrest, CA","(0.5, 0.65]",Good,Okay,27386.0,35.1,15.7,67.4,5.3,4.2,12507.0,11423.0,1084.0,8.7,55.3,15.4,57693.0,13.2,11687.0,66.1,3.9,1.1,5.3,35.6225064,-117.6699414
270,Rio Dell,2013,Humboldt,0.45238095238095244,0.41233766233766234,240700.0,891.0,"Rio Dell, CA","(0.0, 0.5]",Low,Low,3329.0,37.4,11.0,71.4,2.3,3.2,1515.0,1247.0,268.0,17.7,47.9,19.8,40218.0,13.9,1358.0,71.3,4.9,0.0,5.2,40.499301,-124.106437
271,Rio Vista,2013,Solano,0.7938144329896907,0.7544080604534005,329300.0,1167.0,"Rio Vista, CA","(0.65, 0.8]",Good,Good,6874.0,55.8,15.2,66.4,5.9,4.9,2703.0,2317.0,386.0,14.3,42.2,29.9,54568.0,9.8,3592.0,89.8,1.4,0.0,5.2,38.1557502,-121.6913439
272,Ripon,2013,San Joaquin,0.8509933774834437,0.8341968911917098,379400.0,1065.0,"Ripon, CA","(0.8, 1.0]",Great,Great,13792.0,33.8,21.4,67.5,1.2,6.5,6266.0,5780.0,486.0,7.8,55.9,30.3,74598.0,10.7,4480.0,81.9,6.2,3.7,6.2,45.7831185,-75.0997632
273,Riverside,2013,Riverside,0.6569767441860465,0.641025641025641,345400.0,1092.0,"Riverside, CA","(0.65, 0.8]",Okay,Good,300553.0,29.8,48.7,35.5,6.2,6.7,146369.0,130901.0,15468.0,10.6,57.2,28.8,56991.0,14.9,99041.0,64.4,4.0,8.7,5.2,49.122193,-122.2971512
275,Rocklin,2013,Placer,0.6904761904761905,0.7218543046357615,420000.0,1255.0,"Rocklin, CA","(0.65, 0.8]",Good,Good,54276.0,35.3,9.7,77.6,1.5,7.6,28668.0,26732.0,1936.0,6.8,63.3,26.8,80379.0,4.4,21147.0,72.8,3.2,4.6,6.1,45.496084,-62.7787413
276,Rolling Hills,2013,Los Angeles,0.7604790419161677,0.6720430107526882,1000000.0,2000.0,"Rolling Hills, CA","(0.65, 0.8]",Good,Good,1808.0,51.7,7.1,67.4,0.9,21.1,818.0,784.0,34.0,4.2,44.4,28.9,219688.0,1.1,690.0,99.9,0.0,0.0,8.1,50.2252023,-111.7729252
277,Rolling Hills Estates,2013,Los Angeles,0.8012048192771084,0.7785234899328859,1000000.0,2000.0,"Rolling Hills Estates, CA","(0.8, 1.0]",Good,Great,8004.0,47.3,4.2,72.1,1.1,19.4,3551.0,3404.0,147.0,4.1,47.1,30.1,142763.0,1.7,2950.0,74.9,21.6,0.8,6.6,33.7877943,-118.3581284
278,Roseville,2013,Placer,0.7640449438202247,0.7256944444444444,385800.0,1163.0,"Roseville, CA","(0.65, 0.8]",Good,Good,113820.0,36.2,14.3,72.6,1.6,8.4,57843.0,53783.0,4060.0,7.0,60.2,25.9,75122.0,7.1,46605.0,71.3,2.9,7.8,5.8,43.3414752,-80.4759309
279,Sacramento,2013,Sacramento,0.6304347826086957,0.6157407407407407,311900.0,959.0,"Sacramento, CA","(0.5, 0.65]",Okay,Okay,459511.0,33.1,25.4,36.1,13.7,18.4,230813.0,204514.0,26299.0,11.4,61.0,23.8,50267.0,17.3,191000.0,59.3,6.8,8.3,5.0,38.5815719,-121.4943996
282,San Bernardino,2013,San Bernardino,0.6893939393939394,0.6883116883116883,243800.0,905.0,"San Bernardino, CA","(0.65, 0.8]",Good,Good,209174.0,28.4,58.1,20.3,15.2,4.0,87555.0,76142.0,11413.0,13.0,51.7,26.8,39895.0,27.4,66611.0,60.2,2.9,10.3,4.7,34.1083449,-117.2897652
284,San Bruno,2013,San Mateo,0.5888888888888888,0.6132075471698113,648400.0,1455.0,"San Bruno, CA","(0.5, 0.65]",Okay,Okay,40231.0,38.2,27.1,37.6,1.8,26.2,23326.0,21761.0,1565.0,6.7,64.8,23.4,75576.0,7.2,15655.0,58.6,4.0,18.8,4.9,37.6304904,-122.4110835
286,San Carlos,2013,San Mateo,0.5666666666666667,0.5416666666666667,941000.0,1454.0,"San Carlos, CA","(0.5, 0.65]",Okay,Okay,27830.0,41.8,8.2,75.4,0.5,11.7,14909.0,14121.0,788.0,5.3,60.4,25.1,110929.0,3.3,11657.0,69.2,4.4,5.5,5.6,37.504936,-122.2618236
287,San Clemente,2013,Orange,0.7323943661971831,0.7664092664092664,840100.0,1552.0,"San Clemente, CA","(0.65, 0.8]",Good,Good,60774.0,39.1,14.5,76.5,0.6,3.8,30954.0,29039.0,1915.0,6.2,58.4,27.6,84436.0,7.2,25627.0,57.1,10.0,4.7,5.6,33.4270275,-117.6124179
288,San Diego,2013,San Diego,0.6607142857142857,0.6708860759493671,503700.0,1259.0,"San Diego, CA","(0.65, 0.8]",Good,Good,1282800.0,33.4,27.9,46.2,6.5,15.5,661989.0,613659.0,48330.0,7.3,59.9,22.4,62480.0,14.1,514841.0,45.9,8.9,17.3,4.7,32.7174209,-117.1627714
290,San Dimas,2013,Los Angeles,0.7962962962962963,0.805699481865285,488300.0,1423.0,"San Dimas, CA","(0.65, 0.8]",Great,Good,33635.0,39.8,27.0,56.3,2.2,11.6,17619.0,16597.0,1022.0,5.8,59.0,31.7,74150.0,5.4,12037.0,58.4,13.0,6.6,5.5,34.1066756,-117.8067257
291,San Fernando,2013,Los Angeles,0.7409638554216869,0.7135678391959799,377000.0,1060.0,"San Fernando, CA","(0.65, 0.8]",Good,Good,23623.0,28.0,91.1,6.7,0.0,1.0,11530.0,10122.0,1408.0,12.2,59.9,26.1,49716.0,17.2,6378.0,72.8,7.3,5.1,4.9,34.2819461,-118.4389719
292,San Francisco,2013,San Francisco,0.7727272727272727,0.7971698113207547,785200.0,1328.0,"San Francisco, CA","(0.65, 0.8]",Good,Good,789172.0,38.3,14.7,42.1,6.1,33.4,478821.0,444628.0,34193.0,7.1,64.3,29.4,71304.0,11.9,372560.0,17.4,15.8,25.1,4.1,46.8443248,-71.2743272
293,San Gabriel,2013,Los Angeles,0.5319148936170213,0.5837988826815642,569100.0,1188.0,"San Gabriel, CA","(0.5, 0.65]",Okay,Okay,39670.0,39.7,26.6,11.8,0.6,58.5,20522.0,19320.0,1202.0,5.9,56.1,28.1,56720.0,13.7,13069.0,56.5,10.8,9.0,4.6,34.0991325,-118.1086041
294,San Jacinto,2013,Riverside,0.7578125,0.6771771771771771,184000.0,1000.0,"San Jacinto, CA","(0.65, 0.8]",Good,Good,41203.0,31.5,53.2,36.0,4.6,3.7,17034.0,14156.0,2878.0,16.9,49.5,36.7,45567.0,17.2,14830.0,66.6,6.1,2.6,5.2,33.7839084,-116.958635
295,San Joaquin,2013,Fresno,0.5344827586206896,0.6273209549071619,161400.0,456.0,"San Joaquin, CA","(0.5, 0.65]",Okay,Okay,3927.0,25.1,95.1,2.6,0.0,2.1,1193.0,1099.0,94.0,7.9,31.3,24.7,26731.0,42.9,1017.0,63.2,4.0,0.4,4.9,37.9372901,-121.2773719
297,San Jose,2013,Santa Clara,0.7307692307692308,0.7310344827586207,633800.0,1339.0,"San Jose, CA","(0.65, 0.8]",Good,Good,925300.0,34.8,32.6,29.8,2.8,31.6,489307.0,446962.0,42345.0,8.7,60.4,25.2,79405.0,10.8,313944.0,55.3,10.3,12.7,5.2,37.3297085,-121.9031599
298,San Juan Capistrano,2013,Orange,0.7923728813559322,0.7810650887573964,654900.0,1637.0,"San Juan Capistrano, CA","(0.65, 0.8]",Good,Good,34263.0,38.0,35.8,56.3,0.2,4.3,16299.0,15360.0,939.0,5.8,54.0,24.8,76686.0,11.4,11968.0,53.1,19.6,4.3,5.8,33.5016932,-117.6625509
299,San Leandro,2013,Alameda,0.5804597701149425,0.5824175824175823,493300.0,1135.0,"San Leandro, CA","(0.5, 0.65]",Okay,Okay,82830.0,37.5,25.7,28.1,12.6,28.8,44424.0,40278.0,4146.0,9.3,61.2,26.9,62609.0,8.6,30611.0,60.0,6.0,17.2,5.0,37.7249296,-122.1560768
300,San Marcos,2013,San Diego,0.7078651685393258,0.6605263157894736,441400.0,1237.0,"San Marcos, CA","(0.65, 0.8]",Good,Good,78127.0,32.6,37.0,49.3,2.4,8.4,36942.0,34020.0,2922.0,7.9,55.2,27.1,58897.0,11.3,26818.0,53.3,7.4,10.3,5.8,33.1433723,-117.1661449
301,San Marino,2013,Los Angeles,0.6764705882352942,0.6875,1000000.0,2000.0,"San Marino, CA","(0.65, 0.8]",Good,Good,13114.0,45.7,7.8,38.3,0.0,50.9,5847.0,5640.0,207.0,3.5,48.2,25.7,154962.0,3.5,4730.0,98.1,0.3,0.9,7.4,43.7690538,-79.3860158
302,San Mateo,2013,San Mateo,0.6896551724137931,0.6954887218045114,769000.0,1472.0,"San Mateo, CA","(0.65, 0.8]",Good,Good,94751.0,38.5,24.1,48.8,2.1,19.4,54175.0,51215.0,2960.0,5.5,64.1,23.4,83850.0,5.9,39975.0,45.7,9.9,22.6,4.7,37.496904,-122.3330573
304,San Ramon,2013,Contra Costa,0.7719298245614035,0.6829268292682926,765400.0,1575.0,"San Ramon, CA","(0.65, 0.8]",Good,Good,66822.0,36.8,9.5,50.4,2.4,33.7,36868.0,34510.0,2358.0,6.4,66.1,31.2,120326.0,2.9,24809.0,62.7,11.5,7.6,6.2,37.7799273,-121.9780153
305,Sand City,2013,Monterey,0.7989949748743719,0.7333333333333334,635400.0,825.0,"Sand City, CA","(0.65, 0.8]",Good,Good,234.0,38.3,28.2,63.2,5.6,3.0,135.0,108.0,27.0,20.0,53.2,16.1,55417.0,17.1,106.0,49.1,2.8,11.3,3.7,36.6171819,-121.8482855
306,Sanger,2013,Fresno,0.5,0.44444444444444453,195800.0,771.0,"Sanger, CA","(0.0, 0.5]",Low,Low,23370.0,27.2,78.6,14.1,2.0,3.5,10964.0,9855.0,1109.0,10.1,55.5,24.0,42444.0,24.6,6882.0,75.7,1.1,1.8,5.2,36.708006,-119.5559652
307,Santa Ana,2013,Orange,0.6733333333333333,0.6686390532544378,417400.0,1231.0,"Santa Ana, CA","(0.65, 0.8]",Good,Good,325216.0,28.4,78.1,9.6,1.2,10.0,161466.0,146520.0,14946.0,9.3,57.1,24.9,54877.0,17.9,77796.0,46.1,7.3,16.6,4.5,33.7494951,-117.8732213
308,Santa Barbara,2013,Santa Barbara,0.7068965517241379,0.7065217391304348,969200.0,1373.0,"Santa Barbara, CA","(0.65, 0.8]",Good,Good,87859.0,37.4,35.7,56.5,1.5,3.9,49429.0,46517.0,2912.0,5.9,61.2,16.3,61665.0,14.1,38191.0,47.6,9.0,9.8,4.4,45.5361933,-73.6077401
309,Santa Clara,2013,Santa Clara,0.6646341463414633,0.6666666666666667,643800.0,1413.0,"Santa Clara, CA","(0.65, 0.8]",Good,Good,112466.0,34.6,17.8,37.5,2.6,37.3,61826.0,57175.0,4651.0,7.5,60.6,21.2,85294.0,8.6,44598.0,42.4,9.6,21.6,4.5,37.034583193882,-121.517372158299
311,Santa Clarita,2013,Los Angeles,0.6637931034482758,0.5800000000000001,465700.0,1474.0,"Santa Clarita, CA","(0.65, 0.8]",Okay,Good,172253.0,35.1,27.8,57.4,2.4,8.3,93769.0,86588.0,7181.0,7.7,63.8,32.7,82642.0,7.6,59736.0,59.6,11.4,9.0,5.5,34.3916641,-118.542586
312,Santa Cruz,2013,Santa Cruz,0.6764705882352942,0.6631205673758865,735600.0,1293.0,"Santa Cruz, CA","(0.65, 0.8]",Good,Good,58269.0,29.9,19.0,69.5,1.3,5.7,32532.0,29818.0,2714.0,8.3,60.2,22.1,61207.0,17.8,23614.0,55.6,10.9,9.6,4.5,36.974201,-122.0297182
314,Santa Fe Springs,2013,Los Angeles,0.8550973654066437,0.8521897810218978,426700.0,1136.0,"Santa Fe Springs, CA","(0.8, 1.0]",Great,Great,16376.0,35.1,78.9,13.3,3.5,2.7,7253.0,6526.0,727.0,10.0,52.3,29.0,54252.0,8.9,4749.0,62.7,2.5,19.8,5.0,33.9482434,-118.0676103
315,Santa Maria,2013,Santa Barbara,0.6642857142857143,0.6329113924050633,338800.0,1085.0,"Santa Maria, CA","(0.65, 0.8]",Okay,Good,94645.0,28.4,69.4,23.1,1.5,4.9,44015.0,39953.0,4062.0,9.2,55.4,21.6,50208.0,17.7,28031.0,62.9,4.3,5.8,5.1,34.9531295,-120.4358577
316,Santa Monica,2013,Los Angeles,0.7889908256880734,0.8037037037037037,985500.0,1398.0,"Santa Monica, CA","(0.65, 0.8]",Great,Good,88679.0,40.3,11.5,71.0,4.0,9.8,53197.0,49237.0,3960.0,7.4,62.9,24.9,68842.0,11.1,50015.0,19.2,3.6,25.2,3.9,34.019657,-118.487549
317,Santa Paula,2013,Ventura,0.6372549019607843,0.6525096525096525,415900.0,1080.0,"Santa Paula, CA","(0.5, 0.65]",Good,Okay,29145.0,30.2,79.1,19.4,0.1,0.6,13613.0,11842.0,1771.0,13.0,56.2,25.6,51233.0,18.1,9015.0,58.4,8.2,5.1,5.0,34.3541659,-119.0592705
318,Santee,2013,San Diego,0.7,0.6743697478991597,376900.0,1206.0,"Santee, CA","(0.65, 0.8]",Good,Good,52966.0,37.4,15.9,74.1,1.2,3.9,26688.0,24764.0,1924.0,7.2,57.7,24.5,68189.0,6.3,18935.0,55.5,8.4,4.6,5.6,32.8383828,-116.9739167
319,Saratoga,2013,Santa Clara,0.6547619047619048,0.6984536082474226,1000000.0,1747.0,"Saratoga, CA","(0.65, 0.8]",Good,Good,29523.0,46.5,3.0,53.8,0.3,39.6,12746.0,11795.0,951.0,7.5,46.1,25.0,145023.0,4.2,10858.0,84.1,6.8,4.7,7.3,48.9596878,-125.4335858
320,Scotts Valley,2013,Santa Cruz,0.7752808988764045,0.7388059701492538,659600.0,1636.0,"Scotts Valley, CA","(0.65, 0.8]",Good,Good,11351.0,40.0,9.9,80.7,0.4,5.4,5796.0,5397.0,399.0,6.9,56.3,23.2,101673.0,4.1,4661.0,54.6,12.5,5.1,5.4,37.0510595,-122.0146841
321,Seal Beach,2013,Orange,0.7023809523809523,0.7665369649805447,329000.0,1467.0,"Seal Beach, CA","(0.65, 0.8]",Good,Good,24081.0,58.3,9.1,79.4,0.6,8.4,9865.0,9221.0,644.0,6.5,39.9,28.7,50014.0,6.9,14403.0,32.6,10.4,8.5,4.2,33.7423967,-118.1055926
322,Seaside,2013,Monterey,0.6346153846153846,0.6767857142857143,556700.0,1381.0,"Seaside, CA","(0.5, 0.65]",Good,Okay,32431.0,30.3,41.4,33.8,9.1,8.5,16719.0,15318.0,1401.0,8.4,63.2,18.7,57713.0,11.6,10766.0,62.4,11.6,3.2,5.0,49.27183005,-123.106673395388
323,Selma,2013,Fresno,0.8088235294117647,0.6848341232227488,228800.0,723.0,"Selma, CA","(0.8, 1.0]",Good,Great,22617.0,29.0,76.8,14.9,0.9,5.7,10277.0,9242.0,1035.0,10.1,58.6,23.3,44778.0,22.0,6529.0,76.9,2.0,2.5,5.2,45.3214306,-63.5374625
324,Shafter,2013,Kern,0.8343023255813953,0.9022191400832178,195300.0,671.0,"Shafter, CA","(0.8, 1.0]",Great,Great,16378.0,25.4,78.8,19.7,0.5,0.0,6506.0,5829.0,677.0,10.4,50.6,23.3,35915.0,21.8,4610.0,73.7,3.4,1.7,5.1,35.4698255,-119.285365233155
325,Signal Hill,2013,Los Angeles,0.6460674157303371,0.7134146341463414,461800.0,1085.0,"Signal Hill, CA","(0.5, 0.65]",Good,Okay,10700.0,35.8,32.7,27.9,12.7,22.3,6564.0,5810.0,754.0,11.5,71.6,24.4,70286.0,7.9,4524.0,32.2,14.1,19.9,4.5,47.5721305,-52.6803673
326,Simi Valley,2013,Ventura,0.7222222222222222,0.7110091743119267,553400.0,1607.0,"Simi Valley, CA","(0.65, 0.8]",Good,Good,121662.0,37.3,23.5,65.0,1.0,7.9,67475.0,63711.0,3764.0,5.6,63.4,30.1,88675.0,5.8,41300.0,73.1,7.6,4.9,6.2,34.2694474,-118.781482
328,Solana Beach,2013,San Diego,0.6573033707865169,0.6916167664670658,1000000.0,1787.0,"Solana Beach, CA","(0.65, 0.8]",Good,Good,12790.0,44.6,15.7,76.4,2.7,4.7,7020.0,6486.0,534.0,7.6,54.6,20.9,86908.0,7.6,6614.0,47.6,19.4,16.8,5.2,32.9905597,-117.2691316
330,Solvang,2013,Santa Barbara,0.6867469879518072,0.6838235294117647,723900.0,1330.0,"Solvang, CA","(0.65, 0.8]",Good,Good,5218.0,46.2,26.5,68.2,0.0,0.9,2729.0,2600.0,129.0,4.7,54.7,20.3,61289.0,6.0,2207.0,56.8,6.2,4.7,5.3,34.5958572,-120.1390894
332,Sonora,2013,Tuolumne,0.7564102564102564,0.75,320200.0,620.0,"Sonora, CA","(0.65, 0.8]",Good,Good,4914.0,43.5,5.4,90.0,0.2,1.0,2343.0,2102.0,241.0,10.3,50.3,23.2,30893.0,12.4,2562.0,57.3,3.5,6.8,4.3,45.0600582,-61.9013365
333,South El Monte,2013,Los Angeles,0.7838541666666666,0.7791666666666667,382200.0,961.0,"South El Monte, CA","(0.65, 0.8]",Good,Good,20240.0,30.8,82.3,3.3,0.0,13.9,9543.0,8826.0,717.0,7.5,51.9,27.6,46037.0,15.6,4770.0,72.7,3.7,3.4,4.9,34.0519548,-118.0467339
334,South Lake Tahoe,2013,El Dorado,0.5319148936170213,0.5635245901639344,386500.0,895.0,"South Lake Tahoe, CA","(0.5, 0.65]",Okay,Okay,22114.0,35.0,30.3,62.5,0.3,3.6,13239.0,12223.0,1016.0,7.7,70.6,16.0,44217.0,17.7,15370.0,62.8,2.5,3.1,4.6,38.92933,-119.987757625037
335,South Pasadena,2013,Los Angeles,0.5795454545454546,0.49683544303797467,828100.0,1322.0,"South Pasadena, CA","(0.5, 0.65]",Low,Okay,25376.0,37.5,20.8,42.9,2.3,30.8,14430.0,13551.0,879.0,6.1,67.5,27.4,82340.0,6.6,10967.0,44.6,5.8,14.0,4.7,34.1133062,-118.1478291
336,South San Francisco,2013,San Mateo,0.536231884057971,0.4722222222222222,648500.0,1423.0,"South San Francisco, CA","(0.5, 0.65]",Low,Okay,62016.0,37.8,32.7,23.7,2.7,34.3,33827.0,31869.0,1958.0,5.8,63.1,23.5,74158.0,6.3,21576.0,59.8,12.8,9.3,5.1,37.6549493,-122.4081251
337,Stanton,2013,Orange,0.5522388059701493,0.4943019943019943,331300.0,1227.0,"Stanton, CA","(0.5, 0.65]",Low,Okay,37990.0,33.9,46.8,25.4,2.0,22.1,19746.0,17783.0,1963.0,9.9,60.1,28.8,51539.0,15.7,12111.0,26.8,15.8,18.1,4.3,69.75,-128.866667
338,Stockton,2013,San Joaquin,0.6884057971014492,0.6523809523809524,276600.0,917.0,"Stockton, CA","(0.65, 0.8]",Good,Good,287377.0,30.5,38.8,24.3,11.4,21.2,129487.0,111459.0,18028.0,13.9,56.2,27.0,47946.0,19.8,99376.0,64.7,7.1,8.0,5.2,49.583333,-99.45
339,Suisun City,2013,Solano,0.7755102040816326,0.6280487804878049,341400.0,1320.0,"Suisun City, CA","(0.65, 0.8]",Okay,Good,27742.0,32.7,25.2,26.9,20.5,19.0,14493.0,13151.0,1342.0,9.3,61.6,31.3,71795.0,8.9,9291.0,83.1,2.6,3.9,5.9,38.2382474,-122.040244
340,Sunnyvale,2013,Santa Clara,0.65,0.6204819277108434,707900.0,1429.0,"Sunnyvale, CA","(0.5, 0.65]",Okay,Okay,136480.0,35.6,16.9,37.4,2.2,39.8,75914.0,70911.0,5003.0,6.6,59.0,22.2,90174.0,6.2,55838.0,38.7,8.5,19.8,4.5,37.3688301,-122.0363496
341,Taft,2013,Kern,0.740909090909091,0.7612903225806451,203300.0,652.0,"Taft, CA","(0.65, 0.8]",Good,Good,9370.0,34.4,30.0,62.5,2.4,2.3,2876.0,2697.0,179.0,6.2,45.8,19.8,46324.0,12.9,2767.0,74.7,4.5,2.1,5.5,50.9954169,-118.6467639
342,Tehachapi,2013,Kern,0.6956521739130435,0.7170923379174852,188300.0,776.0,"Tehachapi, CA","(0.65, 0.8]",Good,Good,14080.0,35.0,34.9,49.7,11.0,1.4,3813.0,3602.0,211.0,5.5,57.0,19.2,46067.0,14.3,3218.0,68.0,2.2,1.7,5.1,35.1321878,-118.4489739
343,Temecula,2013,Riverside,0.7266666666666667,0.6098484848484849,384200.0,1398.0,"Temecula, CA","(0.65, 0.8]",Okay,Good,95829.0,32.8,23.9,58.0,3.9,9.1,48315.0,44088.0,4227.0,8.7,61.5,32.8,77850.0,8.2,32221.0,79.8,2.8,5.0,6.3,33.4946353,-117.1473661
344,Temple City,2013,Los Angeles,0.7153846153846154,0.7542372881355932,582100.0,1313.0,"Temple City, CA","(0.65, 0.8]",Good,Good,35222.0,40.6,19.1,22.3,0.4,56.6,18319.0,17206.0,1113.0,6.1,57.8,30.6,65668.0,7.1,11764.0,80.6,7.3,2.3,5.3,34.1082994,-118.0577568
345,Thousand Oaks,2013,Ventura,0.7,0.6891891891891893,673500.0,1731.0,"Thousand Oaks, CA","(0.65, 0.8]",Good,Good,124671.0,40.2,16.5,71.4,0.9,9.0,65999.0,61835.0,4164.0,6.3,59.8,25.0,98713.0,5.1,46339.0,68.1,11.4,6.8,6.2,34.17142715,-118.910587729744
346,Tracy,2013,San Joaquin,0.7025316455696202,0.6932515337423313,386800.0,1290.0,"Tracy, CA","(0.65, 0.8]",Good,Good,79416.0,30.7,37.9,35.3,6.0,14.7,39833.0,35433.0,4400.0,11.0,62.7,41.4,76753.0,10.4,25449.0,81.4,3.4,3.4,6.2,45.6735384,-66.6845417
347,Trinidad,2013,Humboldt,0.5914634146341463,0.6907216494845361,656300.0,1060.0,"Trinidad, CA","(0.5, 0.65]",Good,Okay,259.0,44.8,0.8,98.5,0.0,0.0,170.0,159.0,11.0,6.5,71.8,20.9,48333.0,10.8,214.0,73.8,0.9,0.0,4.6,41.059291,-124.143125
349,Truckee,2013,Nevada,0.7663551401869159,0.8007662835249042,516300.0,1344.0,"Truckee, CA","(0.65, 0.8]",Great,Good,15864.0,36.2,16.0,80.4,0.6,0.9,9933.0,9160.0,773.0,7.8,76.1,19.5,65351.0,8.6,12461.0,84.0,1.6,0.4,4.7,39.327962,-120.1832533
351,Tustin,2013,Orange,0.7704918032786885,0.7281553398058253,573100.0,1424.0,"Tustin, CA","(0.65, 0.8]",Good,Good,73731.0,33.2,37.4,36.8,2.2,20.9,40826.0,37618.0,3208.0,7.9,65.3,22.2,73170.0,9.6,26335.0,35.3,12.8,15.1,4.7,33.7458511,-117.826166
352,Twentynine Palms,2013,San Bernardino,0.5865384615384616,0.6339915373765868,173100.0,885.0,"Twentynine Palms, CA","(0.5, 0.65]",Okay,Okay,26215.0,23.3,17.8,66.2,7.2,3.2,7102.0,6112.0,990.0,13.9,52.0,14.1,42027.0,14.2,9701.0,59.2,8.2,1.0,4.7,34.1181,-115.9819
353,Ukiah,2013,Mendocino,0.6826923076923077,0.7010309278350515,339600.0,921.0,"Ukiah, CA","(0.65, 0.8]",Good,Good,15942.0,33.9,28.0,64.6,0.8,1.8,7237.0,6478.0,759.0,10.5,58.2,14.1,42657.0,15.5,6464.0,55.4,6.3,9.6,4.8,39.1501662,-123.2077861
354,Union City,2013,Alameda,0.7619047619047619,0.7676991150442478,569300.0,1321.0,"Union City, CA","(0.65, 0.8]",Good,Good,68081.0,36.4,21.9,15.4,6.1,52.5,35681.0,32997.0,2684.0,7.5,61.0,30.0,83629.0,7.3,21411.0,64.2,13.4,11.3,5.8,37.5963232,-122.0816297
355,Upland,2013,San Bernardino,0.6346153846153846,0.6047297297297298,479500.0,1151.0,"Upland, CA","(0.5, 0.65]",Okay,Okay,73887.0,35.6,37.5,44.9,5.9,9.0,38475.0,34637.0,3838.0,10.0,62.4,27.9,67567.0,8.9,26553.0,57.3,6.4,9.7,5.6,34.09751,-117.6483876
357,Vacaville,2013,Solano,0.6538461538461539,0.7134146341463414,377900.0,1256.0,"Vacaville, CA","(0.65, 0.8]",Good,Good,91928.0,36.7,21.2,57.4,9.9,5.6,42953.0,40089.0,2864.0,6.7,65.3,27.6,70838.0,7.0,31780.0,71.4,3.4,5.1,5.7,38.3565773,-121.9877444
358,Vallejo,2013,Solano,0.7181818181818183,0.7385892116182573,355300.0,1144.0,"Vallejo, CA","(0.65, 0.8]",Good,Good,116030.0,37.5,21.4,25.8,21.7,24.3,59549.0,52396.0,7153.0,12.0,60.8,32.7,61481.0,13.9,45297.0,67.2,3.0,5.5,5.3,38.1040864,-122.2566367
360,Vernon,2013,Los Angeles,0.8198780863917563,0.7355555555555555,325000.0,855.0,"Vernon, CA","(0.8, 1.0]",Good,Great,128.0,30.4,89.8,3.1,0.0,5.5,56.0,53.0,3.0,5.4,31.3,34.4,38625.0,9.4,41.0,48.8,4.9,4.9,3.8,50.268277,-119.267578
361,Victorville,2013,San Bernardino,0.7906976744186046,0.6785714285714286,227300.0,1069.0,"Victorville, CA","(0.65, 0.8]",Good,Good,108088.0,28.4,46.4,31.5,15.0,3.7,42886.0,36860.0,6026.0,14.1,51.7,34.1,53566.0,19.4,34283.0,79.4,0.8,3.9,6.0,34.5361067,-117.2911565
362,Villa Park,2013,Orange,0.7282608695652173,0.6693002257336342,1000000.0,2000.0,"Villa Park, CA","(0.65, 0.8]",Good,Good,5813.0,46.3,9.6,72.7,0.1,14.8,2853.0,2705.0,148.0,5.2,46.6,21.6,146776.0,2.3,1937.0,98.5,1.1,0.0,8.2,33.8147541,-117.8206235
363,Vista,2013,San Diego,0.5923076923076923,0.5734463276836158,421700.0,1217.0,"Vista, CA","(0.5, 0.65]",Okay,Okay,92478.0,31.5,45.9,44.2,2.4,4.0,44890.0,40921.0,3969.0,8.8,56.4,26.4,52602.0,13.8,30246.0,50.4,7.8,10.0,5.2,49.8238186,-97.1074436
364,Walnut,2013,Los Angeles,0.6111111111111112,0.5974999999999999,650900.0,1861.0,"Walnut, CA","(0.5, 0.65]",Okay,Okay,29327.0,41.7,18.4,14.1,2.6,62.5,14859.0,14153.0,706.0,4.8,56.9,37.1,100182.0,4.9,8661.0,95.5,0.6,2.3,6.7,42.8797697,-81.8925799
365,Wasco,2013,Kern,0.59375,0.7476780185758514,174000.0,568.0,"Wasco, CA","(0.5, 0.65]",Good,Okay,25143.0,27.7,74.9,13.8,8.0,2.5,8372.0,7313.0,1059.0,12.6,53.9,23.7,40054.0,26.3,5541.0,75.8,3.5,2.1,5.0,35.5941238,-119.3409457
366,Watsonville,2013,Santa Cruz,0.7658227848101266,0.7430167597765363,445900.0,1016.0,"Watsonville, CA","(0.65, 0.8]",Good,Good,49580.0,29.3,78.7,15.7,0.7,3.4,24055.0,21400.0,2655.0,11.0,61.2,23.4,46675.0,18.7,14498.0,52.2,9.2,7.5,4.7,36.887168,-121.78544657584
368,West Covina,2013,Los Angeles,0.6162790697674418,0.5508982035928143,465400.0,1281.0,"West Covina, CA","(0.5, 0.65]",Okay,Okay,105552.0,35.0,52.1,16.6,4.1,25.7,54136.0,49387.0,4749.0,8.8,59.6,32.3,69587.0,8.7,32200.0,64.7,9.5,15.6,5.5,34.0686208,-117.9389526
369,West Hollywood,2013,Los Angeles,0.6120689655172413,0.6623376623376623,656000.0,1201.0,"West Hollywood, CA","(0.5, 0.65]",Good,Okay,34657.0,40.7,12.2,77.4,2.1,4.7,24849.0,22643.0,2206.0,8.9,64.4,27.2,52009.0,13.2,24683.0,9.3,2.9,38.5,3.3,34.0900091,-118.3617443
370,West Sacramento,2013,Yolo,0.7295918367346939,0.653061224489796,293900.0,853.0,"West Sacramento, CA","(0.65, 0.8]",Good,Good,45961.0,32.9,34.8,47.3,4.2,8.9,23593.0,21322.0,2271.0,9.6,64.3,22.2,53559.0,16.6,18287.0,62.7,5.4,6.0,5.1,38.5804609,-121.530234
371,Westlake Village,2013,Los Angeles,0.7450331125827814,0.8433734939759037,825700.0,2000.0,"Westlake Village, CA","(0.65, 0.8]",Great,Good,8274.0,46.4,9.4,83.3,1.3,5.6,3754.0,3432.0,322.0,8.6,48.2,27.3,116213.0,3.4,3322.0,70.0,18.5,0.6,6.9,55.2245338,-118.8126004
372,Westminster,2013,Orange,0.7301587301587302,0.723826714801444,529900.0,1263.0,"Westminster, CA","(0.65, 0.8]",Good,Good,88921.0,37.7,22.3,28.3,0.9,46.7,43646.0,39554.0,4092.0,9.4,56.0,26.4,57892.0,12.9,27851.0,53.9,7.4,10.6,5.1,42.8864294,-81.2392213
373,Whittier,2013,Los Angeles,0.7222222222222223,0.6722054380664653,512400.0,1091.0,"Whittier, CA","(0.65, 0.8]",Good,Good,84997.0,34.3,65.3,29.3,0.7,2.9,43221.0,39905.0,3316.0,7.7,60.0,28.6,65308.0,9.2,28670.0,65.4,3.9,8.2,5.1,33.9748932,-118.0336975
374,Willits,2013,Mendocino,0.45744680851063835,0.5105263157894737,272100.0,893.0,"Willits, CA","(0.0, 0.5]",Okay,Low,4913.0,37.5,21.2,73.0,0.0,0.0,2426.0,2124.0,302.0,12.4,56.0,18.7,40465.0,23.6,2153.0,54.0,4.5,9.1,5.0,39.4096043,-123.3555602
375,Winters,2013,Yolo,0.6454545454545455,0.6602564102564102,349300.0,984.0,"Winters, CA","(0.5, 0.65]",Good,Okay,6572.0,30.6,49.9,40.3,0.0,5.4,3605.0,3233.0,372.0,10.3,65.4,25.8,59679.0,9.2,2135.0,74.7,4.7,3.4,5.7,38.5249065,-121.9708017
376,Woodlake,2013,Tulare,0.6341463414634145,0.5547263681592041,136600.0,572.0,"Woodlake, CA","(0.5, 0.65]",Okay,Okay,7178.0,25.7,89.8,9.3,0.0,0.0,3080.0,2500.0,580.0,18.8,52.8,25.4,29417.0,28.2,1904.0,68.3,7.4,5.0,4.8,36.4135606,-119.0987176
377,Woodland,2013,Yolo,0.5877192982456141,0.5586206896551724,352100.0,935.0,"Woodland, CA","(0.5, 0.65]",Okay,Okay,54785.0,34.7,43.7,45.9,1.1,6.5,27753.0,25291.0,2462.0,8.9,60.7,20.3,55406.0,11.2,20400.0,63.2,5.7,9.2,5.2,43.0001747,-82.3881944
378,Woodside,2013,San Mateo,0.7956204379562044,0.777027027027027,1000000.0,1868.0,"Woodside, CA","(0.65, 0.8]",Good,Good,5237.0,45.9,8.2,83.5,0.2,4.6,2280.0,2170.0,110.0,4.8,46.9,24.7,186359.0,3.7,2106.0,95.3,2.8,0.0,7.8,44.6581536,-63.5458832
380,Yorba Linda,2013,Orange,0.75,0.688953488372093,765800.0,1769.0,"Yorba Linda, CA","(0.65, 0.8]",Good,Good,62915.0,41.5,13.3,67.0,1.6,14.5,33684.0,32167.0,1517.0,4.5,60.0,30.8,115279.0,2.3,21665.0,78.6,9.6,2.7,6.8,33.890107,-117.8255939
382,Yucaipa,2013,San Bernardino,0.6777777777777778,0.6280864197530864,299400.0,966.0,"Yucaipa, CA","(0.65, 0.8]",Okay,Good,50227.0,36.7,25.7,66.8,1.3,3.1,24654.0,22165.0,2489.0,10.1,56.4,28.9,57492.0,10.4,19348.0,68.7,2.8,1.1,5.5,34.040931,-117.051671391906
383,Yucca Valley,2013,San Bernardino,0.7608695652173912,0.7328605200945626,210600.0,826.0,"Yucca Valley, CA","(0.65, 0.8]",Good,Good,20290.0,39.8,15.1,77.7,2.5,1.7,8244.0,7602.0,642.0,7.8,48.2,28.0,45350.0,13.5,9716.0,77.4,3.1,1.3,5.2,34.1234629,-116.4140676
387,Citrus Heights,2013,Sacramento,0.6428571428571428,0.572192513368984,277500.0,996.0,"Citrus Heights, CA","(0.5, 0.65]",Okay,Okay,84351.0,36.7,15.4,74.8,3.9,3.2,45378.0,40853.0,4525.0,10.0,62.4,25.5,53552.0,11.8,36118.0,54.9,8.8,5.6,5.2,38.7071247,-121.2810611
389,Laguna Woods,2013,Orange,0.5256410256410255,0.6190476190476191,236700.0,1375.0,"Laguna Woods, CA","(0.5, 0.65]",Okay,Okay,16295.0,78.0,4.4,85.5,0.8,8.3,3226.0,2872.0,354.0,11.0,19.2,22.3,34192.0,7.4,12983.0,7.0,28.5,17.0,4.2,33.6106076,-117.7249722
390,Oakley,2013,Contra Costa,0.7027027027027026,0.6608108108108108,384300.0,1423.0,"Oakley, CA","(0.65, 0.8]",Good,Good,33496.0,31.8,38.7,48.4,4.7,5.3,16173.0,14439.0,1734.0,10.7,60.2,37.3,76583.0,7.4,10991.0,91.0,2.1,1.7,6.3,43.652375,-79.380115
398,Elk Grove,2013,Sacramento,0.7796610169491526,0.7236363636363636,360900.0,1410.0,"Elk Grove, CA","(0.65, 0.8]",Good,Good,141200.0,33.0,18.0,38.4,10.9,25.6,72881.0,66993.0,5888.0,8.1,67.4,30.8,79457.0,8.0,47173.0,87.0,3.0,2.6,6.4,38.4087993,-121.3716178
399,Rancho Santa Margarita,2013,Orange,0.6666666666666666,0.6855345911949686,603900.0,1623.0,"Rancho Santa Margarita, CA","(0.65, 0.8]",Good,Good,47539.0,34.1,15.6,69.8,1.1,10.5,25887.0,24560.0,1327.0,5.1,64.8,27.5,99722.0,3.5,16666.0,54.2,20.5,9.3,5.7,33.6408845,-117.6029341
400,Aliso Viejo,2013,Orange,0.6818181818181818,0.7021276595744681,558100.0,1799.0,"Aliso Viejo, CA","(0.65, 0.8]",Good,Good,46329.0,35.4,17.1,62.7,3.1,13.8,28313.0,26743.0,1570.0,5.5,72.9,26.0,95498.0,3.7,19036.0,36.3,26.2,14.6,4.9,33.5761376,-117.7258122
402,Rancho Cordova,2013,Sacramento,0.7,0.6265060240963856,265800.0,947.0,"Rancho Cordova, CA","(0.65, 0.8]",Okay,Good,63297.0,32.9,20.3,52.4,9.2,12.2,32765.0,28733.0,4032.0,12.3,61.0,24.1,52521.0,16.3,25479.0,56.6,6.6,9.3,5.2,38.5890723,-121.302728
1312,Dinuba,2016,Tulare,0.6923076923076923,0.6327683615819208,148600.0,835.0,"Dinuba, CA","(0.65, 0.8]",Okay,Good,22325.0,28.4,87.3,10.4,0.0,1.7,10306.0,8753.0,1553.0,15.1,53.7,24.0,39328.0,28.6,5997.0,72.3,2.0,2.7,5.1,36.5432837,-119.3870656
1325,Exeter,2016,Tulare,0.5952380952380953,0.720125786163522,159700.0,848.0,"Exeter, CA","(0.5, 0.65]",Good,Okay,10381.0,28.0,46.3,49.3,1.5,0.2,4475.0,3857.0,618.0,13.8,57.3,21.2,39063.0,29.9,3612.0,78.8,3.0,0.8,5.3,43.3436295,-81.4798184
1327,Farmersville,2016,Tulare,0.6515151515151516,0.8064516129032258,105100.0,728.0,"Farmersville, CA","(0.65, 0.8]",Great,Good,10608.0,26.1,88.3,11.0,0.0,0.0,4609.0,3721.0,888.0,19.3,58.4,23.4,32384.0,32.9,2758.0,83.5,0.7,0.6,5.2,36.2977283,-119.2067767
1396,Lindsay,2016,Tulare,0.660377358490566,0.5918918918918918,121100.0,729.0,"Lindsay, CA","(0.65, 0.8]",Okay,Good,12377.0,24.4,87.3,9.3,0.3,1.9,5303.0,4252.0,1051.0,19.8,53.1,20.7,31425.0,42.5,3166.0,71.2,1.8,3.6,5.2,44.355066,-78.740425
1482,Porterville,2016,Tulare,0.7039473684210527,0.6194444444444445,149100.0,772.0,"Porterville, CA","(0.65, 0.8]",Okay,Good,54534.0,29.6,63.2,29.1,0.7,4.6,23131.0,19648.0,3483.0,15.1,56.1,21.1,41905.0,27.0,17960.0,72.5,1.6,4.3,5.3,49.2555898,-55.1911286
1572,Tulare,2016,Tulare,0.675,0.658974358974359,157600.0,919.0,"Tulare, CA","(0.65, 0.8]",Good,Good,59949.0,29.9,56.9,33.8,3.4,2.6,26624.0,23331.0,3293.0,12.4,54.5,19.6,45485.0,21.4,19020.0,79.8,2.1,2.7,5.4,36.2516475,-118.852583
1587,Visalia,2016,Tulare,0.6615384615384615,0.6286764705882353,177100.0,956.0,"Visalia, CA","(0.65, 0.8]",Okay,Good,125502.0,31.2,45.7,44.8,1.7,5.6,59429.0,52408.0,7021.0,11.8,58.3,19.9,52899.0,19.2,43754.0,74.9,3.4,3.2,5.3,36.3302284,-119.2920585
