,Jurisdiction,year,County,DiversionRateHouse,DiversionRateNoOfEmployee,Bins,D.R.E_category,D.R.H_category,Population,MedianAge,Latino,White,Black,Asian,LaberFocre,LaberForceEmplyed,LaberForceUnemployed,UnemploymentRate,FemalesEmploymentRate,CoummuteTime,MedianIncome,PovertyRate,TotalUnit,1-UnitDetached,1-UnitAttached,MoreThan20UnitsInStructure,MedianNoOfRooms,MedianHouseValue,MedianGrossRent,Jurisdiction_stat,lat,lon
0,Adelanto,2013,San Bernardino,0.768115942,0.729064039,"(0.65, 0.8]",Good,Good,29764,24.5,51.5,18.5,20.5,2.9,10213,8202,2014,19.7,45.7,39.5,43305,25.6,8291,79.1,2.2,3.3,5.7,170500,988,"Adelanto, CA, USA",34.5827699,-117.409215
1,Agoura Hills,2013,Los Angeles,0.607142857,0.674342105,"(0.5, 0.65]",Good,Okay,20328,43.5,9.3,79.1,1.9,6.9,11631,10898,733,6.3,66.9,28.8,106886,4,7681,70.2,13.4,7.6,6.6,740200,2000,"Agoura Hills, CA, USA",34.14391585,-118.7611438
2,Alameda,2013,Alameda,0.763636364,0.808411215,"(0.65, 0.8]",Great,Good,72512,40.2,11.4,45,5.6,31.8,39562,36352,3210,8.1,63.1,27.2,74221,10.1,31572,42.3,10.3,16.7,4.7,662300,1250,"Alameda, CA, USA",37.7652076,-122.2416355
4,Albany,2013,Alameda,0.81,0.78238342,"(0.8, 1.0]",Good,Great,17921,36.2,8.6,53.5,3.2,30,9333,8808,525,5.6,61.9,29.1,71994,8.7,7755,53.5,3.7,13.9,4.6,625400,1409,"Albany, CA, USA",37.88687,-122.2977475
5,Alhambra,2013,Los Angeles,0.684210526,0.701388889,"(0.65, 0.8]",Good,Good,83389,38.7,34.1,10.9,1.2,52.6,43899,40558,3341,7.6,57.6,29.1,51527,12.7,30551,44.5,12.5,9.8,4.4,514800,1126,"Alhambra, CA, USA",34.093042,-118.12706
7,Alturas,2013,Modoc,0.610294118,0.7,"(0.5, 0.65]",Good,Okay,2833,38.3,11.1,80.7,1.4,2.8,1294,1150,144,11.1,61.9,8.5,32385,26,1387,77.1,1.8,5.3,5,132200,565,"Alturas, CA, USA",41.487123,-120.5423271
8,American Canyon,2013,Napa,0.789855072,0.792941176,"(0.65, 0.8]",Good,Good,17692,36.7,26.2,31.4,6.5,30.2,9004,8337,667,7.4,63.8,32.6,80556,5.1,5602,80.7,0.8,2.2,6.5,419000,1459,"American Canyon, CA, USA",38.1749179,-122.2608044
9,Anaheim,2013,Orange,0.652439024,0.644171779,"(0.65, 0.8]",Okay,Good,333039,32.1,51.8,28.8,2.4,14.7,172354,155785,16569,9.6,60.7,26.6,57807,13.7,105050,43,8.5,17.9,4.6,503000,1262,"Anaheim, CA, USA",33.8347516,-117.911732
10,Antioch,2013,Contra Costa,0.666666667,0.665158371,"(0.65, 0.8]",Good,Good,99717,32.6,31.6,37,16.6,9.5,48910,43865,5045,10.3,59,39.3,66351,13.4,34730,77.1,4.9,6.7,6.1,388300,1213,"Antioch, CA, USA",38.0049214,-121.805789
11,Apple Valley,2013,San Bernardino,0.727272727,0.719444444,"(0.65, 0.8]",Good,Good,67396,35.2,28.5,57.2,10.2,2,28887,25155,3732,12.9,51.1,31.4,50066,17.9,24683,76.2,3.3,1.3,5.8,262100,976,"Apple Valley, CA, USA",34.5008311,-117.1858759
12,Arcadia,2013,Los Angeles,0.682795699,0.689497717,"(0.65, 0.8]",Good,Good,55704,41.1,12.1,27.7,0.9,57.4,28074,26743,1331,4.7,54.1,28.1,77024,9.1,19488,61.1,10.3,9.6,5.6,786400,1315,"Arcadia, CA, USA",34.1362075,-118.0401497
13,Arcata,2013,Humboldt,0.621621622,0.595238095,"(0.5, 0.65]",Okay,Okay,17100,27.7,12.5,76.1,2.3,2.2,9542,8722,820,8.6,61.1,16.2,32017,28.5,7863,42.9,6.4,7.3,4.4,349800,797,"Arcata, CA, USA",40.866517,-124.08284
14,Arvin,2013,Kern,0.533333333,0.443396226,"(0.5, 0.65]",Low,Okay,18329,22.1,88.6,10.3,0,0.9,7519,6457,1062,14.1,49.9,25.1,32949,33.1,4346,72.8,2.7,3.2,5.1,169000,726,"Arvin, CA, USA",35.209129,-118.828431
15,Atherton,2013,San Mateo,0.780701754,0.775051125,"(0.65, 0.8]",Good,Good,6837,45.8,4.3,81.6,0.5,10.2,2549,2387,162,6.4,34.2,20.7,223611,7.1,2373,99.4,0.6,0,9,1000000,2000,"Atherton, CA, USA",37.4613272,-122.197743
16,Auburn,2013,Placer,0.648648649,0.523584906,"(0.5, 0.65]",Okay,Okay,13451,45.2,7.5,88.3,0.9,1,6798,6398,400,5.9,52.7,23.9,60756,8.9,6356,67.5,4.8,7.2,5.5,455700,921,"Auburn, CA, USA",38.8945939,-121.0739897
17,Avalon,2013,Los Angeles,0.563380282,0.642857143,"(0.5, 0.65]",Okay,Okay,3661,34.5,61.5,37.4,0,0,2298,2188,110,4.8,77.3,11.2,47634,11.5,2126,26.5,6.1,12.3,4,843000,1003,"Avalon, CA, USA",33.34221,-118.3272612
18,Avenal,2013,Kings,0.670454545,0.648648649,"(0.65, 0.8]",Okay,Good,15749,25.7,85.1,13.2,1.3,0.2,6428,5490,938,14.6,43.6,27.8,33350,37.7,3513,62,3.4,1.9,4.9,170100,643,"Avenal, CA, USA",36.0041223,-120.1290272
19,Azusa,2013,Los Angeles,0.666666667,0.622994652,"(0.65, 0.8]",Okay,Good,46015,28.1,66.8,21.1,3.3,7.6,24392,22322,2070,8.5,61.9,28.3,51894,17.4,13148,45.4,13.5,15.2,4.6,385200,1172,"Azusa, CA, USA",34.1338751,-117.9056046
20,Bakersfield,2013,Kern,0.638888889,0.605633803,"(0.5, 0.65]",Okay,Okay,331868,29.5,43.8,39.6,8,5.2,155591,139722,15869,10.2,58.4,22.1,53997,17.3,114587,70.8,2.8,4.9,5.4,245100,906,"Bakersfield, CA, USA",35.3738712,-119.0194639
21,Baldwin Park,2013,Los Angeles,0.63,0.715648855,"(0.5, 0.65]",Good,Okay,75387,30.5,81,5,0.6,12.3,34548,31028,3520,10.2,53.4,30,50346,15.9,18295,71.6,6.9,9.2,4.9,358800,1156,"Baldwin Park, CA, USA",34.0854739,-117.9611761
22,Banning,2013,Riverside,0.655737705,0.51465798,"(0.65, 0.8]",Okay,Good,29030,45.2,35.5,49.2,6.5,6,10279,9299,980,9.5,40.2,23.5,38979,14.6,13072,75.5,4.1,1.1,5,233200,920,"Banning, CA, USA",33.9255685,-116.875289
23,Barstow,2013,San Bernardino,0.702247191,0.730392157,"(0.65, 0.8]",Good,Good,22983,33.1,38.4,35.4,16.3,2.2,10239,9350,889,8.7,55.6,25.3,45166,21.4,9720,57,2.1,2.7,4.9,154400,784,"Barstow, CA, USA",34.8957684,-117.0172077
24,Beaumont,2013,Riverside,0.809278351,0.712589074,"(0.8, 1.0]",Good,Great,32847,32.7,39.3,45.9,3.3,8.6,14325,13358,967,6.8,51.9,32.3,66121,11,12348,82.2,1.9,2.6,5.4,278000,909,"Beaumont, CA, USA",33.9294606,-116.977248
25,Bell,2013,Los Angeles,0.6,0.746987952,"(0.5, 0.65]",Good,Okay,35648,28.3,91.8,6.3,1.2,0.2,15349,13739,1610,10.5,48.4,28.5,38473,22.6,9576,60.6,9,4.4,4,340300,950,"Bell, CA, USA",33.9775142,-118.1870156
26,Bell Gardens,2013,Los Angeles,0.639534884,0.652830189,"(0.5, 0.65]",Good,Okay,42408,27.3,96.1,2.4,0.5,0.6,18292,16816,1476,8.1,48.9,28.1,39167,22.7,10316,61.5,12.6,3.1,4.2,394600,997,"Bell Gardens, CA, USA",33.9652918,-118.1514588
27,Bellflower,2013,Los Angeles,0.675,0.73255814,"(0.65, 0.8]",Good,Good,75944,31.3,50.9,21.7,12.5,11.9,36628,33957,2671,7.3,58,26.7,50565,13.1,25446,49.6,8.4,19.2,4.5,423400,1094,"Bellflower, CA, USA",33.8825705,-118.1167679
28,Belmont,2013,San Mateo,0.745283019,0.717821782,"(0.65, 0.8]",Good,Good,25281,39.3,11.4,60.3,2,20.4,14518,13663,855,5.9,64.9,25.4,99913,3.6,10859,58.1,5.9,20.9,5.2,900100,1392,"Belmont, CA, USA",37.5202145,-122.2758008
29,Benicia,2013,Solano,0.533333333,0.521459227,"(0.5, 0.65]",Okay,Okay,26959,45,11.6,70.8,4.2,7.5,15372,14630,742,4.8,65.9,29.7,87018,5.2,11905,65.9,7.5,3.4,5.6,515200,1243,"Benicia, CA, USA",38.049365,-122.1585777
30,Berkeley,2013,Alameda,0.776923077,0.767857143,"(0.65, 0.8]",Good,Good,109408,31.6,11.2,53.9,9.4,20.6,56531,52737,3794,6.7,56.1,25.6,58617,18.9,46926,42.3,4.2,14.5,4.3,731100,1177,"Berkeley, CA, USA",37.8708393,-122.2728639
31,Big Bear Lake,2013,San Bernardino,0.709923664,0.666123779,"(0.65, 0.8]",Good,Good,5171,40.3,22.1,74.3,0.7,0,2049,1859,190,9.3,40.8,12.7,32299,21.1,9592,83.6,0.9,3.7,4.8,390500,934,"Big Bear Lake, CA, USA",34.253293,-116.9322097
32,Blue Lake,2013,Humboldt,0.931937173,0.980180394,"(0.8, 1.0]",Great,Great,1293,31.3,5.6,83.4,2.2,0.5,697,681,16,2.3,61.6,17,48750,14.5,632,63.3,1.9,1.4,5,324500,874,"Blue Lake, CA, USA",40.882907,-123.983949
33,Blythe,2013,Riverside,0.674418605,0.741496599,"(0.65, 0.8]",Good,Good,21164,34.7,49.9,30.4,15.8,1.8,5586,5086,500,9,53.9,14.8,41856,16.8,5686,58.5,2.5,2.8,5,174700,658,"Blythe, CA, USA",33.5603938,-114.9120691
34,Brea,2013,Orange,0.552173913,0.53960396,"(0.5, 0.65]",Okay,Okay,38427,37.8,22.5,57.2,1.1,17.1,21219,19761,1458,6.9,62.5,28.2,79647,5.7,14910,56.6,9.6,12,5.5,598600,1351,"Brea, CA, USA",33.9170444,-117.8888557
35,Brentwood,2013,Contra Costa,0.724137931,0.741428571,"(0.65, 0.8]",Good,Good,46283,34.8,27,55.2,5.6,7.4,20935,19385,1550,7.4,57,39.7,89515,5.4,16094,86.9,3.5,3.7,6.7,471600,1567,"Brentwood, CA, USA",37.9317766,-121.6960266
36,Brisbane,2013,San Mateo,0.792899408,0.670886076,"(0.65, 0.8]",Good,Good,4098,40.8,25.1,40.6,0.8,27.7,2680,2395,285,10.6,72,25.4,90156,6.1,1788,57.1,12.1,5.1,4.8,695400,1333,"Brisbane, CA, USA",37.6807661,-122.3999715
37,Buellton,2013,Santa Barbara,0.727272727,0.793010753,"(0.65, 0.8]",Good,Good,4609,38.9,40.1,52.2,0,3.3,2759,2597,162,5.9,68.6,23.3,63988,7.3,1551,67.3,4.3,0.6,5.4,561100,1313,"Buellton, CA, USA",34.6134727,-120.1936692
38,Buena Park,2013,Orange,0.658730159,0.666666667,"(0.65, 0.8]",Good,Good,79744,34.4,36.5,29.3,4.1,27.3,39823,37046,2777,7,58.9,28.1,63295,9.8,23895,58.2,7.3,14.2,5.3,485000,1341,"Buena Park, CA, USA",33.870413,-117.9962165
39,Burbank,2013,Los Angeles,0.736842105,0.754098361,"(0.65, 0.8]",Good,Good,102723,38.6,24.7,60,2,11,57740,53812,3928,6.8,61.9,25.2,63356,8.2,43446,44.7,4.3,19.2,4.3,608800,1299,"Burbank, CA, USA",34.1816482,-118.3258554
40,Burlingame,2013,San Mateo,0.668674699,0.666666667,"(0.65, 0.8]",Good,Good,28204,40.5,11.2,64.8,1.7,18.6,14815,13845,970,6.5,56.8,25.9,81849,7.2,12347,48.3,4.4,16.3,4.8,1000000,1338,"Burlingame, CA, USA",37.5841026,-122.3660825
41,Calabasas,2013,Los Angeles,0.709302326,0.715517241,"(0.65, 0.8]",Good,Good,22686,42.5,7.3,76.9,2.6,10.5,11574,10717,857,7.4,55.7,29.9,116403,6,8686,68.7,7.5,6.5,6.8,962700,1853,"Calabasas, CA, USA",34.1446643,-118.6440973
42,California City,2013,Kern,0.635135135,0.736895161,"(0.5, 0.65]",Good,Okay,13264,32.6,24.9,55.9,13.4,2.1,5883,4781,1102,18.7,59.7,30.2,47038,23,5495,77.5,1.9,1.1,5.4,174400,907,"California City, CA, USA",35.125801,-117.9859038
43,Calimesa,2013,Riverside,0.614583333,0.404624277,"(0.5, 0.65]",Low,Okay,7869,48.3,23.2,72.4,0.6,0.8,3207,2956,251,7.8,41.3,32.9,48945,13.7,3500,59.4,3.5,0,5.3,233700,1183,"Calimesa, CA, USA",34.0039044,-117.0619774
44,Camarillo,2013,Ventura,0.727272727,0.691489362,"(0.65, 0.8]",Good,Good,63599,40.6,23.4,62.1,1.8,9.4,32521,30261,2260,6.9,56.9,22,81518,4.7,24667,61.3,17.6,6.3,5.9,558200,1507,"Camarillo, CA, USA",34.2163939,-119.0376024
45,Campbell,2013,Santa Clara,0.605769231,0.578313253,"(0.5, 0.65]",Okay,Okay,38692,37.2,17.8,59.2,1.8,15.5,22832,21426,1406,6.2,66.2,23.2,79464,7.6,17058,45,13.1,15.5,4.8,698400,1364,"Campbell, CA, USA",37.2883259,-121.9456328
46,Canyon Lake,2013,Riverside,0.65625,0.61744186,"(0.65, 0.8]",Okay,Good,10618,42.5,9.1,84.7,0.4,2.5,5289,4702,587,11.1,55.5,43,83845,5,4233,92.3,3,0,6.2,446600,1981,"Canyon Lake, CA, USA",33.6836539,-117.2626151
47,Capitola,2013,Santa Cruz,0.658730159,0.648148148,"(0.65, 0.8]",Okay,Good,9801,42.9,16.5,75.6,1.1,3.1,5716,5224,492,8.6,64.3,26,52389,9.4,5616,29.6,10.7,9.6,4.2,531900,1372,"Capitola, CA, USA",36.9762927,-121.9540577
48,Carlsbad,2013,San Diego,0.613095238,0.583969466,"(0.5, 0.65]",Okay,Okay,99753,39.9,13.3,76.1,0.8,7.2,51426,48104,3322,6.5,58.5,28.7,84728,7.2,43619,52.4,16.8,10.2,5.7,656000,1519,"Carlsbad, CA, USA",33.1580933,-117.3505966
49,Carmel-by-the-Sea,2013,Monterey,0.761006289,0.739224138,"(0.65, 0.8]",Good,Good,3725,56.5,8.5,81.5,1.4,8.6,1797,1769,28,1.6,49.2,13.4,74489,4.9,3606,82.1,5.1,0.8,5,1000000,1692,"Carmel-by-the-Sea, CA, USA",36.5552387,-121.9232879
50,Carpinteria,2013,Santa Barbara,0.752873563,0.775462963,"(0.65, 0.8]",Good,Good,13122,40.5,45.7,47.4,0.3,3.3,7591,7018,573,7.5,65.6,20.3,63834,10.7,5472,39.7,7.9,5.5,4.6,669200,1353,"Carpinteria, CA, USA",34.3988838,-119.5184564
51,Carson,2013,Los Angeles,0.626943005,0.663538874,"(0.5, 0.65]",Good,Okay,91299,36.1,37.5,7.4,22.9,25.8,46740,42370,4370,9.3,61.2,25.6,68425,8,25705,70.6,9.1,5.6,5.5,422100,1190,"Carson, CA, USA",33.8322043,-118.2517547
52,Cathedral City,2013,Riverside,0.702898551,0.615141956,"(0.65, 0.8]",Okay,Good,50597,36.5,56.5,36.7,1.5,3.4,24661,22435,2226,9,58.1,19.6,45693,16.3,22437,55.7,13.5,2.7,5,294500,1046,"Cathedral City, CA, USA",33.7810031,-116.4640765
53,Cerritos,2013,Los Angeles,0.677419355,0.656976744,"(0.65, 0.8]",Good,Good,49432,42,11.1,15.6,6.8,62.8,24202,22497,1705,7,55.1,30,88743,6.1,15175,84.6,8.9,2.5,6.2,633500,1915,"Cerritos, CA, USA",33.8644291,-118.0539323
54,Chico,2013,Butte,0.629032258,0.552631579,"(0.5, 0.65]",Okay,Okay,85130,28.2,14.8,73.8,1.7,4.6,45533,40575,4958,10.9,60.9,17.1,41835,21.2,37594,53.5,4.4,9.1,4.9,312000,901,"Chico, CA, USA",39.7284945,-121.8374777
55,Chino,2013,San Bernardino,0.723404255,0.67816092,"(0.65, 0.8]",Good,Good,77729,32.4,53.1,28.5,5.8,9.7,36464,33052,3412,9.4,57.4,30.7,71659,6.2,21121,71.5,5.5,8.2,5.8,425000,1200,"Chino, CA, USA",34.0133561,-117.690075
56,Chino Hills,2013,San Bernardino,0.648648649,0.7890625,"(0.5, 0.65]",Good,Okay,74410,34.7,28.3,35.8,4.2,28.2,40857,37644,3213,7.9,65.6,36.7,103891,4.1,23170,81.8,3.7,3.6,6.5,567100,1760,"Chino Hills, CA, USA",33.9926803,-117.760056
57,Chowchilla,2013,Madera,0.73,0.869646182,"(0.65, 0.8]",Great,Good,18090,33.9,39.1,44,10.8,1.4,4068,3698,370,9.1,16.2,31.4,39902,18.4,3832,82,1.8,0.6,5.2,208200,867,"Chowchilla, CA, USA",37.1122005,-120.2864256
58,Chula Vista,2013,San Diego,0.669811321,0.673245614,"(0.65, 0.8]",Good,Good,229614,33.4,55.9,22.2,4.5,13.9,110255,100528,9727,8.8,59.2,26.8,63779,9.6,80281,54.8,10.6,14.7,5.2,445000,1201,"Chula Vista, CA, USA",32.6400541,-117.0841955
59,Claremont,2013,Los Angeles,0.660377358,0.673913043,"(0.65, 0.8]",Good,Good,34713,36.4,20.5,60.3,4,10.2,17131,15937,1194,7,54.6,26.8,82015,6.4,11606,66.8,9.9,7.2,5.8,594600,1162,"Claremont, CA, USA",34.0966764,-117.7197785
60,Clayton,2013,Contra Costa,0.634146341,0.656887755,"(0.5, 0.65]",Good,Okay,10819,42.7,6.5,81.3,0.9,7.4,5631,5314,317,5.6,59.9,31.8,135643,3.1,3945,81.8,13.2,2.2,7.2,685400,1830,"Clayton, CA, USA",37.9410341,-121.9357925
61,Clearlake,2013,Lake,0.709302326,0.694690265,"(0.65, 0.8]",Good,Good,15074,37.5,22.1,67.2,4.3,0.5,5753,4866,887,15.4,48.1,27.6,26382,32.9,8487,52.2,2,3.8,4.3,145500,765,"Clearlake, CA, USA",38.9582307,-122.6263728
62,Clovis,2013,Fresno,0.680851064,0.648387097,"(0.65, 0.8]",Okay,Good,91166,33.8,24.5,59.3,3.2,8.9,46237,42025,4212,9.1,60.8,20.9,63229,10.2,34155,70.3,2.2,7.2,5.6,314700,951,"Clovis, CA, USA",36.8252277,-119.7029194
63,Coachella,2013,Riverside,0.780701754,0.634146341,"(0.65, 0.8]",Okay,Good,38144,24.4,95.2,2.8,0.7,0,17053,14516,2537,14.9,61.8,20.3,43018,23.7,9341,69.8,3.1,1.9,5.4,204200,833,"Coachella, CA, USA",33.68656595,-116.1532775
64,Coalinga,2013,Fresno,0.631578947,0.650205761,"(0.5, 0.65]",Good,Okay,13086,33.3,48.6,37.2,9.5,1.7,3529,3363,166,4.7,54.5,17.3,46229,23.3,2902,65,1.1,4.3,5.1,204300,805,"Coalinga, CA, USA",36.16099095,-120.2945457
65,Colfax,2013,Placer,0.803571429,0.743801653,"(0.8, 1.0]",Good,Great,1766,44.6,4.3,89.7,0,2.3,958,846,112,11.7,59.3,23.9,51667,6,854,65.5,5.2,1.3,5.1,315500,859,"Colfax, CA, USA",39.092034,-120.9405844
66,Colma,2013,San Mateo,0.867924528,0.852,"(0.8, 1.0]",Great,Great,1527,33.6,44.1,18.3,1.2,33.9,1065,998,67,6.3,85.3,26.2,83750,2.8,491,46.2,25.3,3.9,5.2,627700,1572,"Colma, CA, USA",37.6768779,-122.459695
67,Colton,2013,San Bernardino,0.74025974,0.733031674,"(0.65, 0.8]",Good,Good,52187,28.5,68.1,13.9,10.3,5.4,24264,21661,2603,10.7,60.8,25.9,43373,17.9,16597,58.4,3.5,6.9,4.9,255100,993,"Colton, CA, USA",34.0739016,-117.3136547
68,Commerce,2013,Los Angeles,0.720321932,0.705035971,"(0.65, 0.8]",Good,Good,12758,28.1,91.3,3.3,2,1.8,5182,4715,467,9,45.7,25.8,50667,13.8,3210,68.5,9.5,7.6,4.4,389600,894,"Commerce, CA, USA",34.002581,-118.156586
69,Compton,2013,Los Angeles,0.586206897,0.575630252,"(0.5, 0.65]",Okay,Okay,95761,26.4,63.6,0.6,32.9,0.2,40185,34953,5232,13,52.6,28.1,43201,22.8,25085,68.6,9.4,3.3,4.9,330100,929,"Compton, CA, USA",33.894927,-118.226624
70,Concord,2013,Contra Costa,0.684210526,0.58677686,"(0.65, 0.8]",Okay,Good,121326,36.9,28.5,52.8,2.9,11.1,67804,62173,5631,8.3,63.8,29.5,65123,9.6,48071,58,6.8,14.4,5.2,470200,1188,"Concord, CA, USA",37.9768525,-122.0335624
72,Corona,2013,Riverside,0.668604651,0.615591398,"(0.65, 0.8]",Okay,Good,150497,31.5,42.8,39,5.4,8.9,78090,69944,8146,10.4,62.7,33.3,79180,8.9,45910,69.4,4.5,7.1,6,435500,1280,"Corona, CA, USA",33.8752945,-117.5664449
73,Coronado,2013,San Diego,0.5875,0.725512528,"(0.5, 0.65]",Good,Okay,19721,38.8,15.6,75.5,3.4,2.9,6957,6552,405,5.8,52.8,20.1,91071,6.1,8659,45.4,10.7,24.9,4.8,1000000,1657,"Coronado, CA, USA",32.6858854,-117.1830891
74,Costa Mesa,2013,Orange,0.7,0.685840708,"(0.65, 0.8]",Good,Good,109316,33.7,34.2,52.9,1,8.8,64572,59885,4687,7.3,65.3,22.3,64864,13.3,42867,39.4,10.2,20.8,4.4,644900,1422,"Costa Mesa, CA, USA",33.6633386,-117.903317
76,Covina,2013,Los Angeles,0.696721311,0.667910448,"(0.65, 0.8]",Good,Good,47533,34.9,49,33,4.5,10.7,24738,22023,2715,11,61.2,31.5,64141,10.7,15976,58.1,9,12.9,5.3,446600,1176,"Covina, CA, USA",34.1024,-117.854865
77,Cudahy,2013,Los Angeles,0.576923077,0.656762295,"(0.5, 0.65]",Good,Okay,23854,26,95.8,2.1,0.4,0.9,10341,9295,1046,10.1,49.2,32,41805,24.3,5869,54.2,5.6,10.4,4.1,350300,1046,"Cudahy, CA, USA",33.9605701,-118.1853486
78,Culver City,2013,Los Angeles,0.657303371,0.710843373,"(0.65, 0.8]",Good,Good,38827,40.7,23.5,47.2,10.4,14.6,22409,20973,1436,6.4,66.3,25,72199,7.2,17558,39.6,9.1,24.3,4.6,618600,1394,"Culver City, CA, USA",34.0211224,-118.3964665
79,Cupertino,2013,Santa Clara,0.61627907,0.660493827,"(0.5, 0.65]",Good,Okay,56498,39.2,4.2,33,0.9,58.6,26742,24897,1845,6.9,51.1,24,120201,4.6,20670,57.4,12.2,13.3,5.4,993500,1932,"Cupertino, CA, USA",37.3230107,-122.0322519
80,Cypress,2013,Orange,0.638888889,0.636585366,"(0.5, 0.65]",Okay,Okay,47314,39.8,16.3,46.8,2.1,31,24830,23330,1500,6,60,27.6,83196,6.3,16335,61.1,16,10,5.8,591000,1419,"Cypress, CA, USA",33.8248235,-118.0399368
81,Daly City,2013,San Mateo,0.442307692,0.517857143,"(0.0, 0.5]",Okay,Low,99829,38.5,24.1,14.3,2.7,55,56402,51476,4926,8.7,63,28.4,74987,7,32569,48.5,14.6,14.8,4.8,611200,1396,"Daly City, CA, USA",37.7057671,-122.4619205
82,Dana Point,2013,Orange,0.705479452,0.714545455,"(0.65, 0.8]",Good,Good,33484,44.7,13.1,81,0.4,2.6,18487,17315,1172,6.3,56.6,26.8,80609,5.5,16067,54.6,12.5,4.5,5.5,827200,1764,"Dana Point, CA, USA",33.4669721,-117.6981075
83,Davis,2013,Yolo,0.644736842,0.629518072,"(0.5, 0.65]",Okay,Okay,64842,25.4,13,58.8,2.2,20.3,33920,31264,2656,7.8,57,20,59517,23.5,25502,47,8.6,15.4,5.1,571600,1207,"Davis, CA, USA",38.545379,-121.7445835
84,Del Mar,2013,San Diego,0.689655172,0.784552846,"(0.65, 0.8]",Good,Good,4178,50.4,0,93.9,0,1.7,2348,2296,52,2.2,56.8,24.1,112566,3.7,2712,51.1,19.9,11,5.2,1000000,1839,"Del Mar, CA, USA",32.9594891,-117.2653146
86,Del Rey Oaks,2013,Monterey,0.666666667,0.816666667,"(0.65, 0.8]",Great,Good,1774,43.7,14.9,75.4,1.1,4,912,868,44,4.8,58.2,16.6,81154,4,752,79.1,3.3,2.5,5.3,653200,1815,"Del Rey Oaks, CA, USA",36.5932934,-121.8349515
87,Delano,2013,Kern,0.4625,0.508403361,"(0.0, 0.5]",Okay,Low,51310,29.5,71.3,7.8,5.2,13.8,17689,15342,2347,13.3,56.2,24.3,35673,27.7,10871,70.5,4.4,2.6,5.2,184300,690,"Delano, CA, USA",35.7688425,-119.2470536
88,Desert Hot Springs,2013,Riverside,0.552631579,0.441082803,"(0.5, 0.65]",Low,Okay,24675,30.3,50.4,34.6,7.4,1.7,10716,8991,1725,16.1,53.9,31.8,36326,24.9,10817,65.4,1.7,2.5,4.9,202000,870,"Desert Hot Springs, CA, USA",33.961124,-116.5016784
89,Diamond Bar,2013,Los Angeles,0.641304348,0.638728324,"(0.5, 0.65]",Okay,Okay,55701,40.5,19.2,23.8,3.2,51.8,29169,27655,1514,5.2,57,34.7,87216,4.6,18356,72,9.2,1.9,6.3,574900,1666,"Diamond Bar, CA, USA",34.0286226,-117.8103367
90,Dixon,2013,Solano,0.792929293,0.690045249,"(0.65, 0.8]",Good,Good,17924,32.3,40.7,49.1,3,4,9450,8579,871,9.2,66.1,23.2,69742,8.6,6124,78.3,4.4,2.4,5.7,394400,1190,"Dixon, CA, USA",38.3957125,-121.809018
91,Downey,2013,Los Angeles,0.725806452,0.759090909,"(0.65, 0.8]",Good,Good,110921,33.2,69.5,17.7,3.4,7.9,54872,49557,5315,9.7,57.7,26.6,59674,10,34836,57.3,3.9,19,4.8,522800,1139,"Downey, CA, USA",33.9400143,-118.1325688
92,Dublin,2013,Alameda,0.737288136,0.717687075,"(0.65, 0.8]",Good,Good,42657,34.6,12.8,50.8,7.9,23.2,21399,19986,1413,6.6,62.8,29.5,107754,3.9,14061,54.4,12,17.2,5.6,652800,1702,"Dublin, CA, USA",37.7021521,-121.9357918
93,East Palo Alto,2013,San Mateo,0.858823529,0.920854271,"(0.8, 1.0]",Great,Great,27894,28,61.6,7.4,17.1,3.4,13802,12473,1329,9.6,59.6,20.2,48734,16.6,8413,53.9,4.2,25.4,4.7,525600,1154,"East Palo Alto, CA, USA",37.4688273,-122.1410751
94,El Cajon,2013,San Diego,0.668918919,0.640957447,"(0.65, 0.8]",Okay,Good,97932,33,31.2,53.4,5.4,4.5,46866,41708,5158,11,57,23.5,47048,21.3,35490,40.8,4.9,22.2,4.5,388900,1017,"El Cajon, CA, USA",32.7947731,-116.9625269
96,El Monte,2013,Los Angeles,0.691176471,0.674576271,"(0.65, 0.8]",Good,Good,113888,31.6,68.7,5.1,0.5,24.8,53657,48580,5077,9.5,51.8,28.3,42750,20.7,28810,56,12.8,10.1,4.5,396600,1037,"El Monte, CA, USA",34.0745997,-118.0534304
97,El Segundo,2013,Los Angeles,0.813348416,0.841059603,"(0.8, 1.0]",Great,Great,16534,38.6,18.2,69.5,1.7,5.8,9996,9518,478,4.8,65.7,21.5,89926,3.3,7464,42.8,4.8,12.5,4.6,804800,1457,"El Segundo, CA, USA",33.912594,-118.383179
98,Emeryville,2013,Alameda,0.703703704,0.649253731,"(0.65, 0.8]",Okay,Good,9393,34.4,9.9,40.3,14.5,32.2,6153,5772,381,6.2,66.5,28.6,61088,15,6117,6.3,6,67.5,3.4,437400,1428,"Emeryville, CA, USA",37.8314089,-122.2865266
99,Encinitas,2013,San Diego,0.6,0.56424581,"(0.5, 0.65]",Okay,Okay,58761,40.9,15.5,77.5,0.3,3.9,32624,30825,1799,5.5,59.9,24.2,86845,8,25080,57.5,18.8,7.3,5.6,734800,1615,"Encinitas, CA, USA",33.0369867,-117.2919818
100,Escalon,2013,San Joaquin,0.788135593,0.761138614,"(0.65, 0.8]",Good,Good,7054,38.4,25.4,70.2,0.9,1.7,3820,3376,444,11.6,60.9,30.5,65457,9,2809,84.9,0.5,1,5.6,306900,792,"Escalon, CA, USA",37.7544565,-121.0064221
101,Escondido,2013,San Diego,0.533898305,0.460606061,"(0.5, 0.65]",Low,Okay,140998,33.1,46.2,43.9,1.7,5.7,68850,63284,5566,8.1,54.1,27.4,51675,15.6,47411,50.8,6.2,13.1,5.2,404900,1116,"Escondido, CA, USA",33.1216751,-117.0814849
102,Eureka,2013,Humboldt,0.553846154,0.5,"(0.5, 0.65]",Low,Okay,26954,37.5,11.1,75.8,1.9,3.2,13357,12182,1175,8.8,54.5,14.7,34950,21.1,12295,63.7,3.8,3.6,4.8,288800,764,"Eureka, CA, USA",40.8020712,-124.1636729
103,Fairfield,2013,Solano,0.758823529,0.72246696,"(0.65, 0.8]",Good,Good,103698,32.8,25.9,35.3,16.2,15.2,50811,45973,4838,9.5,61.3,28.8,68009,11,36283,69,6.5,6.9,5.8,392700,1172,"Fairfield, CA, USA",38.2493581,-122.0399663
104,Ferndale,2013,Humboldt,0.411764706,0.555970149,"(0.0, 0.5]",Okay,Low,1693,43,5.6,87.7,0,0.2,881,839,42,4.8,62,18,64107,7.3,738,82.4,2.3,1.4,5.8,441000,904,"Ferndale, CA, USA",40.576241,-124.263944
105,Fillmore,2013,Ventura,0.62244898,0.702412869,"(0.5, 0.65]",Good,Okay,14721,33.3,73.9,22.9,0.2,2.3,6815,6321,494,7.2,53.7,31.8,58076,11.4,4491,72.6,5.3,4.4,5.4,410100,1138,"Fillmore, CA, USA",34.3985613,-118.9125093
106,Firebaugh,2013,Fresno,0.637254902,0.797587131,"(0.5, 0.65]",Good,Okay,7373,26.9,90,9.3,0.1,0.6,3036,2486,550,18.1,48.8,24.3,30000,33.5,2179,63.7,5.1,2.8,4.8,170500,627,"Firebaugh, CA, USA",36.8588376,-120.4560072
107,Folsom,2013,Sacramento,0.742857143,0.72519084,"(0.65, 0.8]",Good,Good,69068,36.4,11.4,66.7,7.3,11.9,32917,30535,2382,7.2,65.6,25.7,94642,3.7,23958,70.9,3.1,6.7,6.1,461200,1255,"Folsom, CA, USA",38.6779591,-121.1760583
108,Fontana,2013,San Bernardino,0.683333333,0.633333333,"(0.65, 0.8]",Okay,Good,189466,28.4,65.8,15.9,9.3,6.1,91473,82024,9449,10.3,58.9,31.3,63252,12.5,49967,80.2,2.4,5.2,5.9,346700,1083,"Fontana, CA, USA",34.0922335,-117.435048
109,Fort Bragg,2013,Mendocino,0.578947368,0.548543689,"(0.5, 0.65]",Okay,Okay,7196,40.5,32,61,0.1,0.8,3452,3074,378,11,55.1,14.3,34570,26.1,3313,62.7,4.5,4.3,4.6,375700,904,"Fort Bragg, CA, USA",39.4534731,-123.8149114
110,Fortuna,2013,Humboldt,0.593023256,0.583870968,"(0.5, 0.65]",Okay,Okay,11646,38.2,13.2,77.9,1.1,2.7,4776,4509,267,5.6,46.5,20.5,38712,19.1,4684,66.7,3.2,2.3,5.2,302400,781,"Fortuna, CA, USA",34.1926574,-118.9603248
111,Foster City,2013,San Mateo,0.648648649,0.711267606,"(0.5, 0.65]",Good,Okay,29746,39,6.3,43.6,1.8,42.8,16207,15321,886,5.5,62.4,26.4,111563,4.4,12268,37.4,21.2,19.8,5.2,851900,1918,"Foster City, CA, USA",37.5600336,-122.2688522
112,Fountain Valley,2013,Orange,0.652173913,0.61627907,"(0.65, 0.8]",Okay,Good,54961,42.6,11.9,50.1,1.1,33.4,29114,27223,1891,6.5,57.5,25.5,79364,6.2,19170,65.8,9.8,8,6.1,644200,1451,"Fountain Valley, CA, USA",33.7038145,-117.9627349
113,Fowler,2013,Fresno,0.876315789,0.871,"(0.8, 1.0]",Great,Great,5305,30.9,64.1,23,1.4,10.3,2587,2302,285,11,54,18.5,56750,20.1,1738,71.8,1.4,3.3,5.1,245100,723,"Fowler, CA, USA",36.6305058,-119.6784697
114,Fremont,2013,Alameda,0.727272727,0.723602484,"(0.65, 0.8]",Good,Good,209235,36.8,14.1,29.3,3.1,49,110431,103208,7223,6.5,59.7,29,96287,5.2,74218,58.5,13.4,17.2,5.4,641900,1456,"Fremont, CA, USA",37.5482697,-121.9885719
115,Fresno,2013,Fresno,0.689393939,0.658064516,"(0.65, 0.8]",Good,Good,484008,28.9,45.7,31.7,7.5,12.2,224259,196453,27806,12.4,57.8,20.8,43124,24.9,169066,60.9,2.7,6.9,5,244200,832,"Fresno, CA, USA",36.7295295,-119.7088613
117,Fullerton,2013,Orange,0.721518987,0.720512821,"(0.65, 0.8]",Good,Good,132872,34.5,32.8,38.6,2.8,23,69813,64575,5238,7.5,59.8,26.5,67179,11.3,47956,50.6,10.1,15.4,4.9,582600,1275,"Fullerton, CA, USA",33.8708215,-117.9294165
118,Galt,2013,Sacramento,0.682926829,0.637254902,"(0.65, 0.8]",Okay,Good,23074,32.7,42.5,52.4,0.6,1.4,11098,10031,1067,9.6,60.5,28.2,58476,12.2,7549,83.7,6.6,1.4,5.5,308500,1178,"Galt, CA, USA",38.3012325,-121.3310372
119,Garden Grove,2013,Orange,0.522727273,0.528735632,"(0.5, 0.65]",Okay,Okay,169009,34.9,37.9,23.1,0.9,35.7,84391,76208,8183,9.7,57.6,27.1,61026,12.9,47454,57.1,8.4,10,5,472900,1284,"Garden Grove, CA, USA",33.7746292,-117.9463717
120,Gardena,2013,Los Angeles,0.5125,0.579646018,"(0.5, 0.65]",Okay,Okay,58668,37.2,36.6,9.6,22.2,27.7,28831,26131,2700,9.4,56.9,26,46837,15.9,22254,45,6.4,12.7,4.3,417800,998,"Gardena, CA, USA",33.888658,-118.307648
121,Gilroy,2013,Santa Clara,0.637096774,0.580745342,"(0.5, 0.65]",Okay,Okay,46807,32.7,57.4,32.2,1.3,6.4,23340,21272,2068,8.9,61.4,28.9,71340,8.7,14772,67.3,6,4.5,5.8,592300,1167,"Gilroy, CA, USA",37.0065078,-121.5631723
122,Glendale,2013,Los Angeles,0.663636364,0.688811189,"(0.65, 0.8]",Good,Good,192190,40.6,16.8,63.5,1.7,16.2,101626,93467,8159,8,56.5,25.6,54677,13,75007,36.4,4.7,21.6,4.1,635100,1220,"Glendale, CA, USA",34.142498,-118.248596
123,Glendora,2013,Los Angeles,0.648148148,0.610497238,"(0.5, 0.65]",Okay,Okay,49882,39.2,28.2,60.6,2,7,24901,22994,1907,7.7,56.3,29.3,75954,6.5,17184,73.9,7.9,4.6,5.8,529200,1300,"Glendora, CA, USA",34.1361187,-117.865339
124,Grand Terrace,2013,San Bernardino,0.632653061,0.52016129,"(0.5, 0.65]",Okay,Okay,12115,37.3,36.3,50.1,3.9,8.1,6677,6132,545,8.2,62.2,23.7,62335,3.9,4634,62.2,2.7,4.4,5.5,335200,1140,"Grand Terrace, CA, USA",34.0339031,-117.3136544
125,Grass Valley,2013,Nevada,0.791666667,0.791666667,"(0.65, 0.8]",Good,Good,12765,41.2,14.4,79,0.9,2,5457,4988,469,8.6,45.5,15.6,35385,16.3,6087,44.6,3,13,4.3,346100,902,"Grass Valley, CA, USA",39.2086655,-121.0531231
126,Guadalupe,2013,Santa Barbara,0.43,0.442942943,"(0.0, 0.5]",Low,Low,6770,30.8,84.8,11.2,0.7,2.2,3376,3149,227,6.7,60.7,21.7,42978,14.8,2007,60.9,9.9,2.2,4.9,270100,934,"Guadalupe, CA, USA",34.971644,-120.5718363
127,Half Moon Bay,2013,San Mateo,0.54787234,0.568825911,"(0.5, 0.65]",Okay,Okay,11126,42.1,29.7,63.6,1,4,6180,5712,468,7.6,61.5,26.7,92875,6.5,4245,62.6,12.5,3.9,5.7,753900,1545,"Half Moon Bay, CA, USA",37.4635519,-122.4285862
128,Hawaiian Gardens,2013,Los Angeles,0.594594595,0.677966102,"(0.5, 0.65]",Good,Okay,14328,30.1,74.1,10.3,3,10.5,6907,6421,486,7,50.2,23.9,52034,15.8,3938,46.9,14,11,4.6,351000,1077,"Hawaiian Gardens, CA, USA",33.8284787,-118.0743137
129,Hawthorne,2013,Los Angeles,0.701923077,0.747933884,"(0.65, 0.8]",Good,Good,84195,30.8,51.2,11.5,28,6.4,41718,38773,2945,7.1,60,28.9,44469,16.1,30102,29.2,4.4,31.8,3.9,501400,972,"Hawthorne, CA, USA",33.911454,-118.34816
130,Hayward,2013,Alameda,0.728571429,0.707482993,"(0.65, 0.8]",Good,Good,141498,33.4,39.3,19.8,11.8,23,75577,66877,8700,11.5,62.3,27.8,61268,12.5,48947,52.2,8.5,16,4.8,434000,1224,"Hayward, CA, USA",37.6688205,-122.0807964
131,Hemet,2013,Riverside,0.721428571,0.647286822,"(0.65, 0.8]",Okay,Good,76403,38.8,36.3,53.3,3.9,2.6,28300,23853,4447,15.7,41.8,31,35306,18,33981,48,4.4,7.3,4.9,156600,949,"Hemet, CA, USA",33.778562,-117.0357666
132,Hesperia,2013,San Bernardino,0.74137931,0.702623907,"(0.65, 0.8]",Good,Good,86405,29,47.2,42.8,5.1,2.1,37013,31313,5700,15.4,51.5,38.4,48386,19.2,26965,80.9,2.4,1.9,5.8,250900,1033,"Hesperia, CA, USA",34.4263886,-117.3008784
133,Highland,2013,San Bernardino,0.675,0.822826087,"(0.65, 0.8]",Great,Good,52341,29.7,48.4,33,8.9,6.6,23919,21349,2570,10.7,58.8,24.2,59549,17.3,15752,76.4,1.8,4.9,5.5,334200,967,"Highland, CA, USA",34.1283442,-117.2086513
134,Hillsborough,2013,San Mateo,0.761538462,0.743150685,"(0.65, 0.8]",Good,Good,10650,47.3,2.5,65.3,0.9,27.2,4577,4322,255,5.6,41.5,25.1,209231,2.8,3885,97.8,1.9,0,9,1000000,2000,"Hillsborough, CA, USA",40.4978545,-122.3794
136,Huntington Beach,2013,Orange,0.769230769,0.775641026,"(0.65, 0.8]",Good,Good,188914,39.8,17.2,68.6,0.6,10.7,106883,99448,7435,7,61.5,26.2,80280,7,79166,49.4,11.7,11.2,5.4,689400,1464,"Huntington Beach, CA, USA",37.5741,-118.0000166
137,Huntington Park,2013,Los Angeles,0.648148148,0.727118644,"(0.5, 0.65]",Good,Okay,58642,28.8,97.4,1.3,0.2,0.8,27062,24870,2192,8.1,53.3,29.6,37224,24,15321,41.4,13.4,13.8,3.6,397700,852,"Huntington Park, CA, USA",33.9816812,-118.2250725
138,Huron,2013,Fresno,0.482142857,0.630841121,"(0.0, 0.5]",Okay,Low,6691,21.8,100,0,0,0,2304,1912,392,17,45.4,22.3,20410,54.5,1689,31.5,5.9,0,4.6,158700,505,"Huron, CA, USA",36.2027308,-120.1029177
139,Imperial Beach,2013,San Diego,0.6375,0.694300518,"(0.5, 0.65]",Good,Okay,26254,29.6,49.4,36.4,4.5,5.9,12221,11041,1180,9.7,58,25.9,45418,19.5,10663,39.4,7.8,12.8,4.1,405600,1073,"Imperial Beach, CA, USA",32.5839444,-117.1130849
140,Indian Wells,2013,Riverside,0.755813953,0.696078431,"(0.65, 0.8]",Good,Good,4858,68,7.6,88.6,1.8,0.9,1668,1571,97,5.8,32.3,20.1,131250,3.8,5172,65.5,22.2,3.8,6.1,755400,957,"Indian Wells, CA, USA",33.7217965,-116.3383034
141,Indio,2013,Riverside,0.793103448,0.698033708,"(0.65, 0.8]",Good,Good,72486,30.7,65.7,26.2,2.2,1.4,34011,30363,3648,10.7,56.9,20.6,51921,19.7,27796,64.9,4.6,2.8,5.1,286400,926,"Indio, CA, USA",33.7192808,-116.2188054
142,Industry,2013,Los Angeles,0.55992596,0.715625,"(0.5, 0.65]",Good,Okay,368,52.1,37,38.3,8.2,16.6,114,103,11,9.6,29.3,18.8,75521,37.3,75,97.3,0,0,5.2,366700,819,"Industry, CA, USA",33.996821,-117.8861106
143,Inglewood,2013,Los Angeles,0.673076923,0.694444444,"(0.65, 0.8]",Good,Good,110053,32.3,49.7,3.3,42.8,1.3,54199,49000,5199,9.6,61.5,28.2,43460,19.8,38840,38.4,6,12.6,4.3,419300,985,"Inglewood, CA, USA",33.96185,-118.3550377
144,Irvine,2013,Orange,0.717821782,0.666666667,"(0.65, 0.8]",Good,Good,199117,32.8,9,47.4,1.8,37.8,104728,98981,5747,5.5,57.5,22.3,90939,10.2,76184,37,20.2,19,4.9,677100,1788,"Irvine, CA, USA",33.6856969,-117.8259819
145,Irwindale,2013,Los Angeles,0.77254509,0.74742268,"(0.65, 0.8]",Good,Good,1443,29.5,92.4,5.5,1,1.2,681,578,103,15.1,55.6,23.9,59028,11.4,392,92.1,2.6,0,5.4,395100,1097,"Irwindale, CA, USA",34.1069527,-117.9353413
146,Isleton,2013,Sacramento,0.603448276,0.545714286,"(0.5, 0.65]",Okay,Okay,928,46.5,39.9,48.5,1.2,9.1,414,362,52,12.6,51.5,33.9,39583,10,459,56.4,0,0,4.4,243300,700,"Isleton, CA, USA",38.1618614,-121.6116206
147,Kerman,2013,Fresno,0.594594595,0.698347107,"(0.5, 0.65]",Good,Okay,12708,29.7,69.8,21.3,0,8.2,5569,4923,646,11.6,50.9,27.6,48973,22,3696,72.2,2.6,4.6,5,255400,729,"Kerman, CA, USA",36.7235543,-120.0599144
150,Kingsburg,2013,Fresno,0.576923077,0.517730496,"(0.5, 0.65]",Okay,Okay,11041,29.5,46.7,44.2,0.1,5.2,5257,4727,530,10.1,53.2,18.8,55218,15.8,3817,72.9,1.2,5.3,5.3,252800,878,"Kingsburg, CA, USA",36.5138398,-119.5538929
152,La Habra,2013,Orange,0.684615385,0.714285714,"(0.65, 0.8]",Good,Good,59772,33,56.7,31.8,2,7.5,31513,29223,2290,7.3,61.5,27.9,62078,10.8,19559,52.7,7.6,15.5,4.8,472400,1242,"La Habra, CA, USA",33.9330156,-117.944777
153,La Habra Heights,2013,Los Angeles,0.598591549,0.695634921,"(0.5, 0.65]",Good,Okay,5278,45.1,21.2,61,0,14.8,2386,2252,134,5.6,45.7,27.3,121380,2.1,1856,96.6,3.4,0,7.4,906500,986,"La Habra Heights, CA, USA",33.9604546,-117.9504255
154,La Mesa,2013,San Diego,0.717741935,0.699275362,"(0.65, 0.8]",Good,Good,56250,38,17.3,63.7,6.7,6.5,30393,27735,2658,8.7,62.2,22.3,52932,11.7,25827,47.7,6.1,18.5,4.5,437000,1137,"La Mesa, CA, USA",32.7678288,-117.0230839
155,La Mirada,2013,Los Angeles,0.596153846,0.565068493,"(0.5, 0.65]",Okay,Okay,48174,36.4,39.8,38,1.9,17.2,23563,21863,1700,7.2,55.6,29.6,79347,5.2,14933,80.1,5,7,5.7,508100,1338,"La Mirada, CA, USA",33.9060971,-118.0107092
156,La Palma,2013,Orange,0.696078431,0.780254777,"(0.65, 0.8]",Good,Good,15479,40.9,15.6,31.8,5.2,43.6,7433,7148,285,3.8,54.4,30.1,89788,6.2,4858,77.7,9,8.5,6.4,615500,1256,"La Palma, CA, USA",34.194769,-118.959114
157,La Puente,2013,Los Angeles,0.578947368,0.695322377,"(0.5, 0.65]",Good,Okay,40075,29.8,86.7,5.4,0.1,7.3,18933,17460,1473,7.8,54.5,32.6,51023,12,9777,69.2,5,13.4,5.4,372300,1057,"La Puente, CA, USA",34.01979,-117.9503677
158,La Quinta,2013,Riverside,0.77,0.777298851,"(0.65, 0.8]",Good,Good,35661,42.8,30.1,62.4,2.1,3.1,16815,15845,970,5.8,55.1,21.8,75358,9.3,20828,78.9,10.2,0.7,5.6,448600,1412,"La Quinta, CA, USA",34.1827738,-118.9094923
159,La Verne,2013,Los Angeles,0.6875,0.668393782,"(0.65, 0.8]",Good,Good,31177,40.9,27.8,59.2,4.3,6.2,15782,14548,1234,7.8,57.6,28.7,77227,6.8,11393,65.1,8,2.7,5.9,512400,1171,"La Verne, CA, USA",34.1008426,-117.7678355
160,Laguna Beach,2013,Orange,0.720472441,0.731023102,"(0.65, 0.8]",Good,Good,22788,47.9,6.6,86.5,0.4,4.6,12818,12256,562,4.4,57.2,29.8,98634,7.5,13243,65.7,5.3,6,5.2,1000000,1771,"Laguna Beach, CA, USA",33.5420888,-117.7834147
161,Laguna Hills,2013,Orange,0.698275862,0.683035714,"(0.65, 0.8]",Good,Good,30416,40.7,21.9,62.6,0.8,10.2,16970,15698,1272,7.5,59.8,25.6,87337,8.5,11126,58.2,17.4,8.7,5.9,627600,1727,"Laguna Hills, CA, USA",33.5948758,-117.6882067
162,Laguna Niguel,2013,Orange,0.75,0.773489933,"(0.65, 0.8]",Good,Good,62614,43,11.6,73.2,1.7,9.8,34119,31664,2455,7.2,60.9,27.3,97018,5.5,25805,56.8,20.2,4.5,5.9,748300,1737,"Laguna Niguel, CA, USA",33.5225261,-117.7075526
163,Lake Elsinore,2013,Riverside,0.613207547,0.540772532,"(0.5, 0.65]",Okay,Okay,48644,28.3,46.6,39.7,5.5,4.7,23885,21271,2614,10.9,61.9,42.5,63726,12.4,15707,74,5,2.9,6.1,293700,1149,"Lake Elsinore, CA, USA",33.6680772,-117.3272615
164,Lake Forest,2013,Orange,0.79245283,0.801652893,"(0.65, 0.8]",Great,Good,76724,37.9,22.4,59,1.5,13.2,43789,41346,2443,5.6,66.6,26,91040,5.3,28053,54,15.2,6.6,5.5,579000,1664,"Lake Forest, CA, USA",33.6155059,-117.7061294
166,Lakeport,2013,Lake,0.745901639,0.761261261,"(0.65, 0.8]",Good,Good,4855,47.9,16.3,77.3,1.2,0.5,2068,1853,215,10.4,50.6,19.7,34340,12.6,2344,62.1,4.5,3.5,4.9,308400,860,"Lakeport, CA, USA",39.0429506,-122.9158293
167,Lakewood,2013,Los Angeles,0.71875,0.673267327,"(0.65, 0.8]",Good,Good,79859,36.5,29.1,41.3,7.7,16.8,42570,39844,2726,6.4,64.4,27.3,77380,5.2,26597,82.7,3.5,6.9,5.6,499100,1388,"Lakewood, CA, USA",33.8503463,-118.1171914
168,Lancaster,2013,Los Angeles,0.71875,0.672413793,"(0.65, 0.8]",Good,Good,149709,30.6,36.2,36.4,18.6,5.6,62077,55874,6203,10,51.5,31.1,51192,20.2,50235,69.5,1.6,6.2,5.9,252100,1081,"Lancaster, CA, USA",34.6981064,-118.1366153
169,Lathrop,2013,San Joaquin,0.759803922,0.623170732,"(0.65, 0.8]",Okay,Good,17040,30.1,45.5,24.2,4.8,22.4,8173,7120,1053,12.9,61.7,40,68226,8.3,5124,88.6,2.1,1.3,6.2,289800,1534,"Lathrop, CA, USA",37.8227046,-121.27661
170,Lawndale,2013,Los Angeles,0.632352941,0.677725118,"(0.5, 0.65]",Good,Okay,32552,30.5,61.9,18.1,6.8,10.1,15952,14146,1806,11.3,58.3,25.5,48357,15.8,10376,52.3,14,10.3,4.3,439500,1264,"Lawndale, CA, USA",33.88711,-118.3531481
171,Lemon Grove,2013,San Diego,0.574468085,0.488888889,"(0.5, 0.65]",Low,Okay,25074,35.4,39.8,38.1,11.2,6.1,11528,10723,805,7,58.3,24.3,50839,16.4,9128,66.8,8.9,8.3,5.1,378000,1089,"Lemon Grove, CA, USA",32.7425516,-117.0314172
172,Lincoln,2013,Placer,0.82278481,0.778481013,"(0.8, 1.0]",Good,Great,37771,40.6,18,69.7,2,5.8,15537,14473,1064,6.8,46.4,29.2,73375,6.7,15547,89.3,2.1,1.2,5.8,395500,1402,"Lincoln, CA, USA",38.8598295,-121.3423921
173,Livermore,2013,Alameda,0.771084337,0.745856354,"(0.65, 0.8]",Good,Good,78520,38.7,19.2,66.4,1.9,9,43517,40548,2969,6.8,63.9,28,93988,5.6,29796,70.8,8.4,5.4,5.9,592500,1314,"Livermore, CA, USA",37.6820583,-121.7680531
174,Lodi,2013,San Joaquin,0.689655172,0.687763713,"(0.65, 0.8]",Good,Good,62225,34.2,33.2,57.4,1.4,6,28324,25631,2693,9.5,50.6,23.4,48695,15.8,22876,63.1,6.1,12.4,5,334000,986,"Lodi, CA, USA",38.097198,-121.3878496
175,Loma Linda,2013,San Bernardino,0.77173913,0.787878788,"(0.65, 0.8]",Good,Good,22837,35.9,27.2,41.1,4.7,24.6,11316,10551,765,6.8,53.2,18.9,56112,12.7,9484,46.6,7.4,9.2,4.6,348000,1100,"Loma Linda, CA, USA",34.0754931,-117.2458601
176,Lomita,2013,Los Angeles,0.726415094,0.794258373,"(0.65, 0.8]",Good,Good,20186,37.8,35.9,41.1,2.6,14.4,10648,10161,487,4.6,61.3,25.4,62464,8.6,8238,49.1,9.2,19.1,4.4,532100,1139,"Lomita, CA, USA",34.195861,-118.959728
177,Lompoc,2013,Santa Barbara,0.704918033,0.726744186,"(0.65, 0.8]",Good,Good,41864,32,49,37.2,6.3,3.5,18687,16866,1821,9.7,61.2,26.1,46932,18.9,14274,54.2,5.3,3.7,4.9,330600,917,"Lompoc, CA, USA",34.653658,-120.457367
178,Long Beach,2013,Los Angeles,0.743421053,0.747011952,"(0.65, 0.8]",Good,Good,461823,32.6,40.3,29.4,12.9,13.1,239661,215520,24141,10.1,61.2,27.9,51173,19.1,175732,42.3,5.8,15.1,4.3,508900,1033,"Long Beach, CA, USA",33.78538945,-118.1580493
179,Loomis,2013,Placer,0.64516129,0.578703704,"(0.5, 0.65]",Okay,Okay,6501,43.7,4.2,88.9,0.2,5.2,3386,3328,58,1.7,59.7,26.7,74722,5.9,2613,85.4,5.8,0,6,384800,1213,"Loomis, CA, USA",38.8212889,-121.1930041
180,Los Alamitos,2013,Orange,0.648148148,0.666666667,"(0.5, 0.65]",Good,Okay,11414,40,20.3,57.9,3.2,14.1,5792,5431,361,6.2,57.1,27.4,76528,5.6,4268,47.7,8.5,4.9,4.9,688400,1418,"Los Alamitos, CA, USA",33.8038865,-118.0772433
181,Los Altos,2013,Santa Clara,0.704545455,0.716666667,"(0.65, 0.8]",Good,Good,28409,45.4,5.8,67.7,0.2,21.2,12733,11958,775,6.1,49.1,21.3,149964,2.2,11097,83.6,5,6.1,6.7,1000000,2000,"Los Altos, CA, USA",37.3790629,-122.116578
182,Los Altos Hills,2013,Santa Clara,0.852941176,0.875,"(0.8, 1.0]",Great,Great,7858,48.8,1.5,63.2,0.2,33.5,3241,3132,109,3.4,36.1,23,219485,2.6,2839,98.3,0.3,0.5,8.5,1000000,2000,"Los Altos Hills, CA, USA",37.3796627,-122.1374637
184,Los Gatos,2013,Santa Clara,0.666666667,0.650862069,"(0.65, 0.8]",Good,Good,28878,43.4,5.3,80.9,1.6,9.5,14455,13549,906,6.3,55.4,23.4,120971,3.5,12819,57.9,13.6,10.5,5.8,1000000,1637,"Los Gatos, CA, USA",37.226611,-121.9746797
185,Madera,2013,Madera,0.62244898,0.637931034,"(0.5, 0.65]",Okay,Okay,59006,27.4,73.9,19.2,3.1,2.5,24346,21267,3079,12.6,49.7,24.4,40889,25.7,17598,71.7,1.9,4.4,5.1,230300,841,"Madera, CA, USA",36.9622745,-120.0594685
187,Malibu,2013,Los Angeles,0.614130435,0.698275862,"(0.5, 0.65]",Good,Okay,12794,42.5,6.7,82,1.4,4.5,6163,5741,422,6.8,49.5,29.5,125202,6.3,6252,69.6,7.9,5.7,6.3,1000000,2000,"Malibu, CA, USA",34.035591,-118.689423
188,Mammoth Lakes,2013,Mono,0.730113636,0.762917933,"(0.65, 0.8]",Good,Good,8005,31.8,34.5,61.6,1.2,0.4,5473,5163,310,5.7,80.8,12.1,54414,15.2,9385,24.6,3,12.1,4.1,729700,1091,"Mammoth Lakes, CA, USA",37.6268015,-118.84675
189,Manteca,2013,San Joaquin,0.589285714,0.535545024,"(0.5, 0.65]",Okay,Okay,64959,32.4,36.8,49,3.2,6.5,32770,28907,3863,11.8,63.2,33.6,60944,9.1,23063,76.4,4.9,4.9,5.6,324900,1077,"Manteca, CA, USA",37.7986184,-121.2117148
190,Maricopa,2013,Kern,0.587719298,0.520725389,"(0.5, 0.65]",Okay,Okay,1205,32.5,21.1,76.3,0.7,0.9,406,318,88,21.7,24.1,34.8,39464,33.8,428,40.2,0.7,0,5.1,87200,728,"Maricopa, CA, USA",35.058858,-119.4009509
191,Marina,2013,Monterey,0.753623188,0.790123457,"(0.65, 0.8]",Good,Good,19529,35.3,26.9,36.1,7.4,17.2,10330,9660,670,6.5,62.3,24.1,51547,14.9,7687,45.8,9.4,9.5,4.7,514900,1054,"Marina, CA, USA",36.6900785,-121.8006398
193,Martinez,2013,Contra Costa,0.598360656,0.566964286,"(0.5, 0.65]",Okay,Okay,35622,43.1,14,70.8,4.1,7.4,19626,18164,1462,7.4,66.7,26.4,75679,7.9,15462,62.7,14.2,6.8,5.5,520800,1201,"Martinez, CA, USA",38.0103311,-122.1298309
194,Maywood,2013,Los Angeles,0.558823529,0.694202899,"(0.5, 0.65]",Good,Okay,27515,26.9,97.5,1.3,0.5,0.7,12571,11052,1519,12.1,49.8,28.8,38740,22.5,6907,54.5,12.9,4.6,4,360200,941,"Maywood, CA, USA",33.9866807,-118.185349
195,McFarland,2013,Kern,0.586206897,0.793103448,"(0.5, 0.65]",Good,Okay,12302,25.5,89.2,7.1,1.2,0.9,4729,3919,810,17.1,49.8,27.4,35656,34.9,2693,84,2,2.3,5.2,163800,675,"McFarland, CA, USA",35.6780104,-119.2292748
197,Mendota,2013,Fresno,0.375,0.508928571,"(0.0, 0.5]",Okay,Low,10459,24.2,97.6,0,0,1.2,4122,3230,892,21.6,46.7,27.5,25216,44.6,2796,57.9,6.4,2.4,4.8,151000,603,"Mendota, CA, USA",36.7535486,-120.3815579
198,Menlo Park,2013,San Mateo,0.706666667,0.739130435,"(0.65, 0.8]",Good,Good,31318,39,17.6,63.1,5.6,9.8,16826,15811,1015,6,60.3,22.1,107860,6.2,13313,55.2,7.9,10.6,5.2,1000000,1710,"Menlo Park, CA, USA",37.4538274,-122.1821871
200,Millbrae,2013,San Mateo,0.698113208,0.666666667,"(0.65, 0.8]",Good,Good,21007,45.2,15,41.7,2,39,10654,10064,590,5.5,55.4,27.3,80763,5.9,8537,63.6,3.5,14.8,5.5,925300,1433,"Millbrae, CA, USA",37.5985468,-122.3871942
201,Milpitas,2013,Santa Clara,0.603174603,0.577319588,"(0.5, 0.65]",Okay,Okay,65150,35.7,16.4,17.3,2.8,59.1,33345,30912,2433,7.3,60.8,22.2,92694,5.8,19832,58.9,16.9,9.2,5.5,608000,1572,"Milpitas, CA, USA",37.4282724,-121.9066238
202,Mission Viejo,2013,Orange,0.657894737,0.65,"(0.65, 0.8]",Okay,Good,92615,41.5,14,72.3,1.3,8.9,50280,47222,3058,6.1,59.7,25.7,95878,4.2,34441,72.4,12,5.6,6.1,622000,1694,"Mission Viejo, CA, USA",33.5965685,-117.659405
203,Modesto,2013,Stanislaus,0.55,0.518115942,"(0.5, 0.65]",Okay,Okay,201898,33.2,35.2,50.7,3.6,6.4,92867,81111,11756,12.7,56.5,25.4,50550,16.8,74012,69.6,4.3,5.8,5.3,282500,974,"Modesto, CA, USA",37.6390972,-120.9968782
206,Monrovia,2013,Los Angeles,0.666666667,0.681528662,"(0.65, 0.8]",Good,Good,36616,37.5,37.4,41.7,6.9,11.2,20398,19182,1216,6,62.9,26.8,65477,9.8,14444,57.8,12,8.9,4.7,561000,1220,"Monrovia, CA, USA",34.1483499,-118.0014517
207,Montclair,2013,San Bernardino,0.653846154,0.577181208,"(0.65, 0.8]",Okay,Good,36704,30.1,67.4,15.4,4.4,10.3,18489,15607,2882,15.6,59.8,29.5,53870,15.2,9692,58.8,4.8,4.2,5.2,330900,1040,"Montclair, CA, USA",34.0775104,-117.6897776
208,Monte Sereno,2013,Santa Clara,0.730769231,0.763104839,"(0.65, 0.8]",Good,Good,3312,45.7,8.9,72.4,1,13.3,1548,1463,85,5.5,51,25.1,139145,2.4,1217,97,1.6,0,7.6,1000000,2000,"Monte Sereno, CA, USA",37.236333,-121.992458
209,Montebello,2013,Los Angeles,0.764044944,0.798245614,"(0.65, 0.8]",Good,Good,62416,33.6,78.6,8.8,1,10.5,28891,26450,2441,8.4,53.9,28.6,50881,14.9,19980,49.7,7.8,16,4.6,456500,1045,"Montebello, CA, USA",34.0159398,-118.111975
210,Monterey,2013,Monterey,0.736363636,0.755905512,"(0.65, 0.8]",Good,Good,27827,37.1,14.2,69.2,2.3,9.1,12935,12002,933,7.2,60.3,15.1,61271,10.6,13032,43.1,6.1,10.6,4.4,766800,1258,"Monterey, CA, USA",36.600256,-121.8946388
211,Monterey Park,2013,Los Angeles,0.64,0.667857143,"(0.5, 0.65]",Good,Okay,60176,41.5,27.5,4.7,0.1,65.5,28823,26840,1983,6.9,51.3,28,52159,12.6,20631,57.7,9.5,9,4.9,495600,1111,"Monterey Park, CA, USA",34.051522,-118.129807
213,Moorpark,2013,Ventura,0.7,0.664804469,"(0.65, 0.8]",Good,Good,33808,34.9,31.4,59.1,1.2,6.7,18907,17944,963,5.1,65.1,29.1,101962,3.5,10858,72.8,13.2,2.6,6.3,609000,1672,"Moorpark, CA, USA",34.285558,-118.8820414
214,Moreno Valley,2013,Riverside,0.636363636,0.635220126,"(0.5, 0.65]",Okay,Okay,187428,27.6,51.3,21.1,17.3,6.5,85749,75993,9756,11.4,57.1,35.5,56507,16.2,54218,80.7,2,4.8,5.9,296400,1271,"Moreno Valley, CA, USA",33.937517,-117.2305944
215,Morgan Hill,2013,Santa Clara,0.56557377,0.536809816,"(0.5, 0.65]",Okay,Okay,36630,35.7,35.1,47.8,2,11.5,18871,17506,1365,7.2,63.2,29.1,92771,10,12795,61.5,14.6,2.7,6.1,673400,1401,"Morgan Hill, CA, USA",37.130408,-121.6544974
216,Mountain View,2013,Santa Clara,0.762820513,0.825688073,"(0.65, 0.8]",Great,Good,72510,35.9,20.3,48.3,2.3,25,43155,40539,2616,6.1,63.7,20.7,88244,6.8,32646,30.6,11.6,28.7,4.1,779500,1427,"Mountain View, CA, USA",37.3893889,-122.0832101
217,Murrieta,2013,Riverside,0.663043478,0.667391304,"(0.65, 0.8]",Good,Good,95668,32.4,27.2,53.9,5.2,9.3,45110,40846,4264,9.5,56.9,36.7,78739,6.2,32528,75.9,3.4,5.4,6.5,369600,1365,"Murrieta, CA, USA",33.5777524,-117.1884542
218,Napa,2013,Napa,0.767123288,0.755494505,"(0.65, 0.8]",Good,Good,76006,37.4,37.1,57.5,1,2.4,39597,36557,3040,7.7,58.2,22.2,62767,11.7,30290,62,6.7,6.8,5,528000,1177,"Napa, CA, USA",38.2971367,-122.2855293
220,National City,2013,San Diego,0.652173913,0.664251208,"(0.65, 0.8]",Good,Good,57343,31.5,64.2,10.5,4,19,23344,20917,2427,10.4,51.5,26,36280,22.6,17906,44.3,9.8,17.7,4.4,351900,893,"National City, CA, USA",32.6781085,-117.0991967
221,Needles,2013,San Bernardino,0.5,0.525,"(0.0, 0.5]",Okay,Low,4938,42.5,15.2,69.8,3.6,1.2,1994,1721,273,13.7,45.4,23.2,31226,26.1,3024,67,2.1,1.8,4.4,146300,709,"Needles, CA, USA",34.8480597,-114.6141316
222,Nevada City,2013,Nevada,0.683760684,0.637931034,"(0.65, 0.8]",Okay,Good,3087,41.6,10.3,82,0.5,5.4,1781,1608,173,9.7,68.1,20.1,59167,4.6,1454,71,4.7,0,5.1,496700,1171,"Nevada City, CA, USA",39.2615606,-121.0160594
224,Newark,2013,Alameda,0.691780822,0.6375,"(0.65, 0.8]",Okay,Good,41981,35.3,33.5,30.1,4.2,26.4,22741,20943,1798,7.9,62.4,25.1,81352,7.6,13658,71,10,8.4,5.6,551900,1387,"Newark, CA, USA",37.5296593,-122.0402399
225,Newport Beach,2013,Orange,0.666666667,0.660869565,"(0.65, 0.8]",Good,Good,83571,42.8,7.4,83,0.6,7.2,46129,44109,2020,4.4,54.1,23.3,107007,6.3,43503,45.5,15.9,17.7,5.2,1000000,1858,"Newport Beach, CA, USA",33.6170092,-117.9294401
226,Norco,2013,Riverside,0.745614035,0.725108225,"(0.65, 0.8]",Good,Good,26984,38.9,27.1,58.8,6.5,3.7,12201,11252,949,7.8,61.3,33.4,80426,9.4,7594,95.2,1.3,1.3,6.6,524600,1417,"Norco, CA, USA",33.9323307,-117.5508901
227,Norwalk,2013,Los Angeles,0.6625,0.671945701,"(0.65, 0.8]",Good,Good,105108,33.7,67.4,12.9,4.5,13.9,50681,45709,4972,9.8,55.8,27.3,60488,11.1,28790,73.3,4.5,11.5,5,398300,1207,"Norwalk, CA, USA",33.9092802,-118.0849169
228,Oakland,2013,Alameda,0.663793103,0.699346405,"(0.65, 0.8]",Good,Good,386909,36,25.2,26.2,28,15.8,203985,183285,20700,10.1,60.4,27.5,49721,18.7,173851,43.5,4,18.2,4.4,528600,1000,"Oakland, CA, USA",37.8044557,-122.2713563
229,Oceanside,2013,San Diego,0.69047619,0.69047619,"(0.65, 0.8]",Good,Good,164709,35,35.9,48.9,4.2,6.3,81634,74433,7201,8.8,57.4,28.2,63577,10.1,63746,52.7,11.7,8.2,5.2,429700,1299,"Oceanside, CA, USA",33.1958696,-117.3794834
230,Ojai,2013,Ventura,0.638554217,0.638554217,"(0.5, 0.65]",Okay,Okay,7525,45.6,18.7,76.6,0,1.6,4003,3639,364,9.1,54.6,25.7,61990,5.6,3251,68.5,9.5,2.6,5.4,659600,1278,"Ojai, CA, USA",34.4480495,-119.242889
231,Ontario,2013,San Bernardino,0.661616162,0.62804878,"(0.65, 0.8]",Okay,Good,165215,30.2,65.4,20.5,7.5,4.2,84741,74919,9822,11.6,61.2,27.4,57771,12.7,48575,59,6.6,7.7,5.2,346800,1198,"Ontario, CA, USA",34.0633,-117.6509
232,Orange,2013,Orange,0.737623762,0.715277778,"(0.65, 0.8]",Good,Good,134569,35.3,37.5,46.9,1.4,12,71852,66340,5512,7.7,62.6,25.6,76742,9.1,44217,57.6,10.7,11.1,5.4,598000,1385,"Orange, CA, USA",33.7500378,-117.8704931
233,Orange Cove,2013,Fresno,0.881578947,0.8456948,"(0.8, 1.0]",Great,Great,8718,23.3,97.1,2.5,0,0,3383,2787,596,17.6,53.7,25.2,26942,43.9,2040,61.5,4.2,4.4,5,169100,669,"Orange Cove, CA, USA",36.624394,-119.3137301
235,Oroville,2013,Butte,0.558333333,0.529069767,"(0.5, 0.65]",Okay,Okay,15369,31.7,10.4,74.7,2.9,5.2,6476,5607,869,13.4,50,17.4,37141,22.5,6199,58.5,3.6,7,4.9,214200,644,"Oroville, CA, USA",39.5137752,-121.556359
236,Oxnard,2013,Ventura,0.719827586,0.713235294,"(0.65, 0.8]",Good,Good,192520,30.3,70.2,15.6,3.2,8.7,94175,86408,7767,8.2,57.9,24.3,59015,15.1,54416,57.3,10.7,8.6,5.4,454700,1219,"Oxnard, CA, USA",34.1976308,-119.1803818
237,Pacific Grove,2013,Monterey,0.729508197,0.631097561,"(0.65, 0.8]",Okay,Good,14902,45.8,7.4,81.3,1.2,7.2,7899,7428,471,6,59.2,18.3,66730,6.8,7723,57.9,6.1,7.1,4.6,766100,1321,"Pacific Grove, CA, USA",36.6174432,-121.9155906
238,Pacifica,2013,San Mateo,0.6,0.626506024,"(0.5, 0.65]",Okay,Okay,36805,41.7,16.7,56.8,2,18.6,21793,20380,1413,6.5,69.6,28,90472,4.8,14506,71.2,6.5,7.6,5.6,669500,1568,"Pacifica, CA, USA",37.6138253,-122.4869194
239,Palm Desert,2013,Riverside,0.740601504,0.704035874,"(0.65, 0.8]",Good,Good,48534,52.8,21.3,72.7,1.4,3.3,21502,19773,1729,8,46.2,19.6,56897,8.8,36868,39.6,29.2,4.7,4.9,384300,1160,"Palm Desert, CA, USA",33.7288179,-116.3825711
240,Palm Springs,2013,Riverside,0.723021583,0.745098039,"(0.65, 0.8]",Good,Good,45012,50.7,23.3,64.4,4.5,4.5,21959,20063,1896,8.6,48.7,21.1,44728,11.9,36344,36.4,24.2,8.9,4.4,352700,933,"Palm Springs, CA, USA",33.77217945,-116.4952977
241,Palmdale,2013,Los Angeles,0.75,0.735632184,"(0.65, 0.8]",Good,Good,146184,29,52.9,26.3,13.7,4.2,64299,56588,7711,12,54.6,40.3,55696,17.7,44295,79,1.8,4.8,6.1,277700,1078,"Palmdale, CA, USA",34.5793131,-118.1171108
242,Palo Alto,2013,Santa Clara,0.762195122,0.795774648,"(0.65, 0.8]",Good,Good,62486,41.2,6.6,61.9,2.8,25.3,31699,30047,1652,5.2,57.3,21.8,120670,5.7,26990,57.9,4.4,18.1,5.1,1000000,1654,"Palo Alto, CA, USA",37.442156,-122.1634472
243,Paradise,2013,Butte,0.677083333,0.638297872,"(0.65, 0.8]",Okay,Good,26425,51.3,6.9,86.7,0.3,1.3,11217,10455,762,6.8,44,21.3,42839,12.6,13051,69.3,2.6,1.9,5.1,240000,767,"Paradise, CA, USA",39.7596061,-121.6219177
244,Paramount,2013,Los Angeles,0.658333333,0.702764977,"(0.65, 0.8]",Good,Good,54187,28.4,77.8,7.3,11.2,2.5,24445,21953,2492,10.2,52.2,26.1,41333,19.2,15441,45.4,11.7,18.4,4.3,336300,1107,"Paramount, CA, USA",33.898917,-118.171005
245,Parlier,2013,Fresno,0.772727273,0.88547486,"(0.65, 0.8]",Great,Good,13928,26.4,97.2,2,0,0.3,6091,5439,652,10.7,54.3,22.2,34405,29.5,3530,68.8,1.8,3.1,5.1,174200,713,"Parlier, CA, USA",36.6116174,-119.5270734
246,Pasadena,2013,Los Angeles,0.729357798,0.732026144,"(0.65, 0.8]",Good,Good,136449,37,34.3,39.5,10.6,12.7,73925,68001,5924,8,58.2,26.2,65422,13.5,57188,44.3,6.6,22,4.4,657300,1260,"Pasadena, CA, USA",34.1476452,-118.1444779
247,Perris,2013,Riverside,0.666666667,0.436893204,"(0.65, 0.8]",Low,Good,63644,25.7,70.6,13.4,10.8,3,27623,23176,4447,16.1,57.1,37.5,50471,22.3,16993,76,2.2,2.7,5.6,239100,1153,"Perris, CA, USA",33.7825194,-117.2286478
248,Pico Rivera,2013,Los Angeles,0.726744186,0.74742268,"(0.65, 0.8]",Good,Good,62988,34.1,91,5.3,0.5,2.4,29520,27480,2040,6.9,52.9,29.4,57594,11,17000,76.6,3.8,11.9,5.2,414200,1123,"Pico Rivera, CA, USA",33.9830688,-118.096735
249,Piedmont,2013,Alameda,0.792682927,0.841530055,"(0.65, 0.8]",Great,Good,10573,44.5,4.4,71.2,1.2,19.5,5471,5206,265,4.8,60.8,26.7,169674,2.4,3797,94.6,1.2,0.4,7.5,1000000,2000,"Piedmont, CA, USA",37.8243715,-122.231635
250,Pittsburg,2013,Contra Costa,0.649253731,0.68875,"(0.5, 0.65]",Good,Okay,61723,31.3,41.7,20.8,17.5,14.6,29946,27266,2680,8.9,59.9,34.7,57828,13.6,20825,70.6,6.2,6.9,5.6,361100,1229,"Pittsburg, CA, USA",38.0181745,-121.8901232
251,Placentia,2013,Orange,0.698630137,0.614832536,"(0.65, 0.8]",Okay,Good,49566,35,36,45.9,1.3,14.9,25851,24135,1716,6.6,59.8,26.4,76678,10.9,16679,59.4,11.3,9.6,5.6,576400,1386,"Placentia, CA, USA",33.8714814,-117.8617337
253,Placerville,2013,El Dorado,0.652173913,0.757281553,"(0.65, 0.8]",Good,Good,10384,36.2,20.7,73.3,0.8,1.1,4977,4430,547,11,55.1,25.5,52216,17,4350,65.4,3.4,5.1,5.1,325800,922,"Placerville, CA, USA",38.7296252,-120.798546
254,Pleasant Hill,2013,Contra Costa,0.61,0.535,"(0.5, 0.65]",Okay,Okay,32826,40.5,12.3,67.6,1.7,13.4,18282,16870,1412,7.7,64.4,26.7,80671,6.9,14010,59.8,10.9,11,5.5,612900,1390,"Pleasant Hill, CA, USA",37.9479786,-122.0607963
255,Pleasanton,2013,Alameda,0.69,0.668103448,"(0.65, 0.8]",Good,Good,68204,37.9,11.9,59.4,2.1,22.3,35877,33571,2306,6.4,59.6,29,115188,3.5,24486,64.2,10,8.9,6.1,778000,1569,"Pleasanton, CA, USA",37.6624312,-121.8746789
257,Point Arena,2013,Mendocino,0.193548387,-0.061643836,"(0.0, 0.5]",,Low,476,34.5,41,54.2,0,1.9,264,249,15,5.7,65.1,17,37292,31.5,237,63.7,5.1,3,4.2,350000,903,"Point Arena, CA, USA",38.908798,-123.6930726
258,Port Hueneme,2013,Ventura,0.657894737,0.637681159,"(0.65, 0.8]",Okay,Good,21723,31.7,51.3,35.1,3.6,6.6,8995,8254,741,8.2,54.5,21.9,51555,15.6,8020,32.6,29.2,16.1,4.9,387200,1322,"Port Hueneme, CA, USA",34.1477829,-119.1951074
259,Portola,2013,Plumas,0.379310345,0.286764706,"(0.0, 0.5]",Low,Low,3042,38.9,28.8,63.5,1.5,0,1324,1093,231,17.4,42.6,29.9,35339,12.5,1460,71.2,0,4.9,4.8,203400,807,"Portola, CA, USA",39.819389,-120.467362
260,Portola Valley,2013,San Mateo,0.8,0.773255814,"(0.65, 0.8]",Good,Good,4283,50.5,5,88,0,5.1,1588,1476,112,7.1,36.9,24.4,167227,1.8,1800,80.9,0,8.4,7.1,1000000,2000,"Portola Valley, CA, USA",37.3841067,-122.2352443
261,Poway,2013,San Diego,0.697674419,0.757225434,"(0.65, 0.8]",Good,Good,47481,40.4,15.5,70.1,1,9.8,25291,23889,1402,5.5,61.8,24.4,97285,4.3,16660,75.2,4.1,8.7,6.3,606000,1339,"Poway, CA, USA",32.9628234,-117.0358646
262,Rancho Cucamonga,2013,San Bernardino,0.683823529,0.679640719,"(0.65, 0.8]",Good,Good,160780,33.9,34.4,43.9,8.5,9.5,87455,79995,7460,8.5,66.3,30.1,78572,4.8,55477,62.4,6.2,9.7,5.7,449800,1409,"Rancho Cucamonga, CA, USA",34.0919481,-117.559778
263,Rancho Mirage,2013,Riverside,0.738095238,0.747524752,"(0.65, 0.8]",Good,Good,16726,62,10.6,82.3,2,1.5,6575,5981,594,9,35,24.3,74327,10.6,13883,53.7,29.6,3.3,5.4,600200,1200,"Rancho Mirage, CA, USA",33.770859,-116.426874
264,Redding,2013,Shasta,0.6484375,0.584033613,"(0.5, 0.65]",Okay,Okay,89380,38.4,8.5,82.7,0.9,2.6,41905,36906,4999,11.9,54,16.8,43550,17.3,38087,63.6,4.4,5.8,5.1,271900,859,"Redding, CA, USA",40.5863563,-122.3916754
265,Redlands,2013,San Bernardino,0.63559322,0.654109589,"(0.5, 0.65]",Good,Okay,68852,34.8,29.4,55.3,4.8,7.5,34979,32060,2919,8.3,59.7,22.3,67651,10.1,25982,63.9,4.4,5.5,5.5,370600,1067,"Redlands, CA, USA",34.072662,-117.093417
266,Redwood City,2013,San Mateo,0.763736264,0.78125,"(0.65, 0.8]",Good,Good,75193,36.7,36.7,46.3,2.7,10.7,40458,37869,2589,6.4,61.4,23.1,75231,9.6,29247,47.8,13.9,13.2,4.7,808600,1340,"Redwood City, CA, USA",37.4863239,-122.2325233
267,Reedley,2013,Fresno,0.782258065,0.761904762,"(0.65, 0.8]",Good,Good,23669,32,72.5,22.1,0.4,3.6,10064,9050,1014,10.1,47.2,23.6,46693,22.9,6603,72.8,1.2,2.9,5.2,223700,799,"Reedley, CA, USA",36.5969275,-119.4502701
268,Rialto,2013,San Bernardino,0.710526316,0.702875399,"(0.65, 0.8]",Good,Good,99311,28.2,66.2,14.4,15.3,2,44205,39370,4835,10.9,53.6,31.7,50555,14.7,26720,71.7,2.7,5.7,5.6,301100,1069,"Rialto, CA, USA",34.1064001,-117.3703235
269,Ridgecrest,2013,Kern,0.554545455,0.674757282,"(0.5, 0.65]",Good,Okay,27386,35.1,15.7,67.4,5.3,4.2,12507,11423,1084,8.7,55.3,15.4,57693,13.2,11687,66.1,3.9,1.1,5.3,188300,739,"Ridgecrest, CA, USA",35.6225064,-117.6699414
270,Rio Dell,2013,Humboldt,0.452380952,0.412337662,"(0.0, 0.5]",Low,Low,3329,37.4,11,71.4,2.3,3.2,1515,1247,268,17.7,47.9,19.8,40218,13.9,1358,71.3,4.9,0,5.2,240700,891,"Rio Dell, CA, USA",40.499301,-124.106437
271,Rio Vista,2013,Solano,0.793814433,0.75440806,"(0.65, 0.8]",Good,Good,6874,55.8,15.2,66.4,5.9,4.9,2703,2317,386,14.3,42.2,29.9,54568,9.8,3592,89.8,1.4,0,5.2,329300,1167,"Rio Vista, CA, USA",38.1557502,-121.6913439
272,Ripon,2013,San Joaquin,0.850993377,0.834196891,"(0.8, 1.0]",Great,Great,13792,33.8,21.4,67.5,1.2,6.5,6266,5780,486,7.8,55.9,30.3,74598,10.7,4480,81.9,6.2,3.7,6.2,379400,1065,"Ripon, CA, USA",37.741595,-121.1243828
273,Riverside,2013,Riverside,0.656976744,0.641025641,"(0.65, 0.8]",Okay,Good,300553,29.8,48.7,35.5,6.2,6.7,146369,130901,15468,10.6,57.2,28.8,56991,14.9,99041,64.4,4,8.7,5.2,345400,1092,"Riverside, CA, USA",33.9533546,-117.3961623
275,Rocklin,2013,Placer,0.69047619,0.721854305,"(0.65, 0.8]",Good,Good,54276,35.3,9.7,77.6,1.5,7.6,28668,26732,1936,6.8,63.3,26.8,80379,4.4,21147,72.8,3.2,4.6,6.1,420000,1255,"Rocklin, CA, USA",38.7907339,-121.2357828
276,Rolling Hills,2013,Los Angeles,0.760479042,0.672043011,"(0.65, 0.8]",Good,Good,1808,51.7,7.1,67.4,0.9,21.1,818,784,34,4.2,44.4,28.9,219688,1.1,690,99.9,0,0,8.1,1000000,2000,"Rolling Hills, CA, USA",33.7668041,-118.3496623
277,Rolling Hills Estates,2013,Los Angeles,0.801204819,0.77852349,"(0.8, 1.0]",Good,Great,8004,47.3,4.2,72.1,1.1,19.4,3551,3404,147,4.1,47.1,30.1,142763,1.7,2950,74.9,21.6,0.8,6.6,1000000,2000,"Rolling Hills Estates, CA, USA",33.7877943,-118.3581284
278,Roseville,2013,Placer,0.764044944,0.725694444,"(0.65, 0.8]",Good,Good,113820,36.2,14.3,72.6,1.6,8.4,57843,53783,4060,7,60.2,25.9,75122,7.1,46605,71.3,2.9,7.8,5.8,385800,1163,"Roseville, CA, USA",38.72338,-121.1858783
279,Sacramento,2013,Sacramento,0.630434783,0.615740741,"(0.5, 0.65]",Okay,Okay,459511,33.1,25.4,36.1,13.7,18.4,230813,204514,26299,11.4,61,23.8,50267,17.3,191000,59.3,6.8,8.3,5,311900,959,"Sacramento, CA, USA",38.5815719,-121.4943996
282,San Bernardino,2013,San Bernardino,0.689393939,0.688311688,"(0.65, 0.8]",Good,Good,209174,28.4,58.1,20.3,15.2,4,87555,76142,11413,13,51.7,26.8,39895,27.4,66611,60.2,2.9,10.3,4.7,243800,905,"San Bernardino, CA, USA",34.1083449,-117.2897652
284,San Bruno,2013,San Mateo,0.588888889,0.613207547,"(0.5, 0.65]",Okay,Okay,40231,38.2,27.1,37.6,1.8,26.2,23326,21761,1565,6.7,64.8,23.4,75576,7.2,15655,58.6,4,18.8,4.9,648400,1455,"San Bruno, CA, USA",37.6304904,-122.4110835
286,San Carlos,2013,San Mateo,0.566666667,0.541666667,"(0.5, 0.65]",Okay,Okay,27830,41.8,8.2,75.4,0.5,11.7,14909,14121,788,5.3,60.4,25.1,110929,3.3,11657,69.2,4.4,5.5,5.6,941000,1454,"San Carlos, CA, USA",37.504936,-122.2618236
287,San Clemente,2013,Orange,0.732394366,0.766409266,"(0.65, 0.8]",Good,Good,60774,39.1,14.5,76.5,0.6,3.8,30954,29039,1915,6.2,58.4,27.6,84436,7.2,25627,57.1,10,4.7,5.6,840100,1552,"San Clemente, CA, USA",33.4270275,-117.6124179
288,San Diego,2013,San Diego,0.660714286,0.670886076,"(0.65, 0.8]",Good,Good,1282800,33.4,27.9,46.2,6.5,15.5,661989,613659,48330,7.3,59.9,22.4,62480,14.1,514841,45.9,8.9,17.3,4.7,503700,1259,"San Diego, CA, USA",32.7174209,-117.1627714
290,San Dimas,2013,Los Angeles,0.796296296,0.805699482,"(0.65, 0.8]",Great,Good,33635,39.8,27,56.3,2.2,11.6,17619,16597,1022,5.8,59,31.7,74150,5.4,12037,58.4,13,6.6,5.5,488300,1423,"San Dimas, CA, USA",34.1066756,-117.8067257
291,San Fernando,2013,Los Angeles,0.740963855,0.713567839,"(0.65, 0.8]",Good,Good,23623,28,91.1,6.7,0,1,11530,10122,1408,12.2,59.9,26.1,49716,17.2,6378,72.8,7.3,5.1,4.9,377000,1060,"San Fernando, CA, USA",34.2819461,-118.4389719
292,San Francisco,2013,San Francisco,0.772727273,0.797169811,"(0.65, 0.8]",Good,Good,789172,38.3,14.7,42.1,6.1,33.4,478821,444628,34193,7.1,64.3,29.4,71304,11.9,372560,17.4,15.8,25.1,4.1,785200,1328,"San Francisco, CA, USA",37.7791185,-122.4138641
293,San Gabriel,2013,Los Angeles,0.531914894,0.583798883,"(0.5, 0.65]",Okay,Okay,39670,39.7,26.6,11.8,0.6,58.5,20522,19320,1202,5.9,56.1,28.1,56720,13.7,13069,56.5,10.8,9,4.6,569100,1188,"San Gabriel, CA, USA",34.0991325,-118.1086041
294,San Jacinto,2013,Riverside,0.7578125,0.677177177,"(0.65, 0.8]",Good,Good,41203,31.5,53.2,36,4.6,3.7,17034,14156,2878,16.9,49.5,36.7,45567,17.2,14830,66.6,6.1,2.6,5.2,184000,1000,"San Jacinto, CA, USA",33.7839084,-116.958635
295,San Joaquin,2013,Fresno,0.534482759,0.627320955,"(0.5, 0.65]",Okay,Okay,3927,25.1,95.1,2.6,0,2.1,1193,1099,94,7.9,31.3,24.7,26731,42.9,1017,63.2,4,0.4,4.9,161400,456,"San Joaquin, CA, USA",37.9372901,-121.2773719
297,San Jose,2013,Santa Clara,0.730769231,0.731034483,"(0.65, 0.8]",Good,Good,925300,34.8,32.6,29.8,2.8,31.6,489307,446962,42345,8.7,60.4,25.2,79405,10.8,313944,55.3,10.3,12.7,5.2,633800,1339,"San Jose, CA, USA",37.3297085,-121.9031599
298,San Juan Capistrano,2013,Orange,0.792372881,0.781065089,"(0.65, 0.8]",Good,Good,34263,38,35.8,56.3,0.2,4.3,16299,15360,939,5.8,54,24.8,76686,11.4,11968,53.1,19.6,4.3,5.8,654900,1637,"San Juan Capistrano, CA, USA",33.5016932,-117.6625509
299,San Leandro,2013,Alameda,0.58045977,0.582417582,"(0.5, 0.65]",Okay,Okay,82830,37.5,25.7,28.1,12.6,28.8,44424,40278,4146,9.3,61.2,26.9,62609,8.6,30611,60,6,17.2,5,493300,1135,"San Leandro, CA, USA",37.7249296,-122.1560768
300,San Marcos,2013,San Diego,0.707865169,0.660526316,"(0.65, 0.8]",Good,Good,78127,32.6,37,49.3,2.4,8.4,36942,34020,2922,7.9,55.2,27.1,58897,11.3,26818,53.3,7.4,10.3,5.8,441400,1237,"San Marcos, CA, USA",33.1433723,-117.1661449
301,San Marino,2013,Los Angeles,0.676470588,0.6875,"(0.65, 0.8]",Good,Good,13114,45.7,7.8,38.3,0,50.9,5847,5640,207,3.5,48.2,25.7,154962,3.5,4730,98.1,0.3,0.9,7.4,1000000,2000,"San Marino, CA, USA",34.1215947,-118.1057394
302,San Mateo,2013,San Mateo,0.689655172,0.695488722,"(0.65, 0.8]",Good,Good,94751,38.5,24.1,48.8,2.1,19.4,54175,51215,2960,5.5,64.1,23.4,83850,5.9,39975,45.7,9.9,22.6,4.7,769000,1472,"San Mateo, CA, USA",37.496904,-122.3330573
304,San Ramon,2013,Contra Costa,0.771929825,0.682926829,"(0.65, 0.8]",Good,Good,66822,36.8,9.5,50.4,2.4,33.7,36868,34510,2358,6.4,66.1,31.2,120326,2.9,24809,62.7,11.5,7.6,6.2,765400,1575,"San Ramon, CA, USA",37.7799273,-121.9780153
305,Sand City,2013,Monterey,0.798994975,0.733333333,"(0.65, 0.8]",Good,Good,234,38.3,28.2,63.2,5.6,3,135,108,27,20,53.2,16.1,55417,17.1,106,49.1,2.8,11.3,3.7,635400,825,"Sand City, CA, USA",36.6171819,-121.8482855
306,Sanger,2013,Fresno,0.5,0.444444444,"(0.0, 0.5]",Low,Low,23370,27.2,78.6,14.1,2,3.5,10964,9855,1109,10.1,55.5,24,42444,24.6,6882,75.7,1.1,1.8,5.2,195800,771,"Sanger, CA, USA",36.708006,-119.5559652
307,Santa Ana,2013,Orange,0.673333333,0.668639053,"(0.65, 0.8]",Good,Good,325216,28.4,78.1,9.6,1.2,10,161466,146520,14946,9.3,57.1,24.9,54877,17.9,77796,46.1,7.3,16.6,4.5,417400,1231,"Santa Ana, CA, USA",33.7494951,-117.8732213
308,Santa Barbara,2013,Santa Barbara,0.706896552,0.706521739,"(0.65, 0.8]",Good,Good,87859,37.4,35.7,56.5,1.5,3.9,49429,46517,2912,5.9,61.2,16.3,61665,14.1,38191,47.6,9,9.8,4.4,969200,1373,"Santa Barbara, CA, USA",34.9386527,-120.4198189
309,Santa Clara,2013,Santa Clara,0.664634146,0.666666667,"(0.65, 0.8]",Good,Good,112466,34.6,17.8,37.5,2.6,37.3,61826,57175,4651,7.5,60.6,21.2,85294,8.6,44598,42.4,9.6,21.6,4.5,643800,1413,"Santa Clara, CA, USA",37.3541132,-121.9551744
311,Santa Clarita,2013,Los Angeles,0.663793103,0.58,"(0.65, 0.8]",Okay,Good,172253,35.1,27.8,57.4,2.4,8.3,93769,86588,7181,7.7,63.8,32.7,82642,7.6,59736,59.6,11.4,9,5.5,465700,1474,"Santa Clarita, CA, USA",34.3916641,-118.542586
312,Santa Cruz,2013,Santa Cruz,0.676470588,0.663120567,"(0.65, 0.8]",Good,Good,58269,29.9,19,69.5,1.3,5.7,32532,29818,2714,8.3,60.2,22.1,61207,17.8,23614,55.6,10.9,9.6,4.5,735600,1293,"Santa Cruz, CA, USA",36.9849926,-121.990012
314,Santa Fe Springs,2013,Los Angeles,0.855097365,0.852189781,"(0.8, 1.0]",Great,Great,16376,35.1,78.9,13.3,3.5,2.7,7253,6526,727,10,52.3,29,54252,8.9,4749,62.7,2.5,19.8,5,426700,1136,"Santa Fe Springs, CA, USA",33.9482434,-118.0676103
315,Santa Maria,2013,Santa Barbara,0.664285714,0.632911392,"(0.65, 0.8]",Okay,Good,94645,28.4,69.4,23.1,1.5,4.9,44015,39953,4062,9.2,55.4,21.6,50208,17.7,28031,62.9,4.3,5.8,5.1,338800,1085,"Santa Maria, CA, USA",34.9386527,-120.4198189
316,Santa Monica,2013,Los Angeles,0.788990826,0.803703704,"(0.65, 0.8]",Great,Good,88679,40.3,11.5,71,4,9.8,53197,49237,3960,7.4,62.9,24.9,68842,11.1,50015,19.2,3.6,25.2,3.9,985500,1398,"Santa Monica, CA, USA",34.019657,-118.487549
317,Santa Paula,2013,Ventura,0.637254902,0.652509653,"(0.5, 0.65]",Good,Okay,29145,30.2,79.1,19.4,0.1,0.6,13613,11842,1771,13,56.2,25.6,51233,18.1,9015,58.4,8.2,5.1,5,415900,1080,"Santa Paula, CA, USA",34.3541659,-119.0592705
318,Santee,2013,San Diego,0.7,0.674369748,"(0.65, 0.8]",Good,Good,52966,37.4,15.9,74.1,1.2,3.9,26688,24764,1924,7.2,57.7,24.5,68189,6.3,18935,55.5,8.4,4.6,5.6,376900,1206,"Santee, CA, USA",32.8383828,-116.9739167
319,Saratoga,2013,Santa Clara,0.654761905,0.698453608,"(0.65, 0.8]",Good,Good,29523,46.5,3,53.8,0.3,39.6,12746,11795,951,7.5,46.1,25,145023,4.2,10858,84.1,6.8,4.7,7.3,1000000,1747,"Saratoga, CA, USA",37.2638324,-122.0230146
320,Scotts Valley,2013,Santa Cruz,0.775280899,0.73880597,"(0.65, 0.8]",Good,Good,11351,40,9.9,80.7,0.4,5.4,5796,5397,399,6.9,56.3,23.2,101673,4.1,4661,54.6,12.5,5.1,5.4,659600,1636,"Scotts Valley, CA, USA",37.0510595,-122.0146841
321,Seal Beach,2013,Orange,0.702380952,0.766536965,"(0.65, 0.8]",Good,Good,24081,58.3,9.1,79.4,0.6,8.4,9865,9221,644,6.5,39.9,28.7,50014,6.9,14403,32.6,10.4,8.5,4.2,329000,1467,"Seal Beach, CA, USA",33.7423967,-118.1055926
322,Seaside,2013,Monterey,0.634615385,0.676785714,"(0.5, 0.65]",Good,Okay,32431,30.3,41.4,33.8,9.1,8.5,16719,15318,1401,8.4,63.2,18.7,57713,11.6,10766,62.4,11.6,3.2,5,556700,1381,"Seaside, CA, USA",36.6258085,-121.8170359
323,Selma,2013,Fresno,0.808823529,0.684834123,"(0.8, 1.0]",Good,Great,22617,29,76.8,14.9,0.9,5.7,10277,9242,1035,10.1,58.6,23.3,44778,22,6529,76.9,2,2.5,5.2,228800,723,"Selma, CA, USA",36.5707838,-119.6120765
324,Shafter,2013,Kern,0.834302326,0.90221914,"(0.8, 1.0]",Great,Great,16378,25.4,78.8,19.7,0.5,0,6506,5829,677,10.4,50.6,23.3,35915,21.8,4610,73.7,3.4,1.7,5.1,195300,671,"Shafter, CA, USA",35.4698255,-119.2853652
325,Signal Hill,2013,Los Angeles,0.646067416,0.713414634,"(0.5, 0.65]",Good,Okay,10700,35.8,32.7,27.9,12.7,22.3,6564,5810,754,11.5,71.6,24.4,70286,7.9,4524,32.2,14.1,19.9,4.5,461800,1085,"Signal Hill, CA, USA",33.804826,-118.168259
326,Simi Valley,2013,Ventura,0.722222222,0.711009174,"(0.65, 0.8]",Good,Good,121662,37.3,23.5,65,1,7.9,67475,63711,3764,5.6,63.4,30.1,88675,5.8,41300,73.1,7.6,4.9,6.2,553400,1607,"Simi Valley, CA, USA",34.2694474,-118.781482
328,Solana Beach,2013,San Diego,0.657303371,0.691616766,"(0.65, 0.8]",Good,Good,12790,44.6,15.7,76.4,2.7,4.7,7020,6486,534,7.6,54.6,20.9,86908,7.6,6614,47.6,19.4,16.8,5.2,1000000,1787,"Solana Beach, CA, USA",32.9905597,-117.2691316
330,Solvang,2013,Santa Barbara,0.686746988,0.683823529,"(0.65, 0.8]",Good,Good,5218,46.2,26.5,68.2,0,0.9,2729,2600,129,4.7,54.7,20.3,61289,6,2207,56.8,6.2,4.7,5.3,723900,1330,"Solvang, CA, USA",34.5958572,-120.1390894
332,Sonora,2013,Tuolumne,0.756410256,0.75,"(0.65, 0.8]",Good,Good,4914,43.5,5.4,90,0.2,1,2343,2102,241,10.3,50.3,23.2,30893,12.4,2562,57.3,3.5,6.8,4.3,320200,620,"Sonora, CA, USA",37.9840911,-120.3821381
333,South El Monte,2013,Los Angeles,0.783854167,0.779166667,"(0.65, 0.8]",Good,Good,20240,30.8,82.3,3.3,0,13.9,9543,8826,717,7.5,51.9,27.6,46037,15.6,4770,72.7,3.7,3.4,4.9,382200,961,"South El Monte, CA, USA",34.0519548,-118.0467339
334,South Lake Tahoe,2013,El Dorado,0.531914894,0.56352459,"(0.5, 0.65]",Okay,Okay,22114,35,30.3,62.5,0.3,3.6,13239,12223,1016,7.7,70.6,16,44217,17.7,15370,62.8,2.5,3.1,4.6,386500,895,"South Lake Tahoe, CA, USA",38.92933,-119.9877576
335,South Pasadena,2013,Los Angeles,0.579545455,0.496835443,"(0.5, 0.65]",Low,Okay,25376,37.5,20.8,42.9,2.3,30.8,14430,13551,879,6.1,67.5,27.4,82340,6.6,10967,44.6,5.8,14,4.7,828100,1322,"South Pasadena, CA, USA",34.1133062,-118.1478291
336,South San Francisco,2013,San Mateo,0.536231884,0.472222222,"(0.5, 0.65]",Low,Okay,62016,37.8,32.7,23.7,2.7,34.3,33827,31869,1958,5.8,63.1,23.5,74158,6.3,21576,59.8,12.8,9.3,5.1,648500,1423,"South San Francisco, CA, USA",37.6549493,-122.4081251
337,Stanton,2013,Orange,0.552238806,0.494301994,"(0.5, 0.65]",Low,Okay,37990,33.9,46.8,25.4,2,22.1,19746,17783,1963,9.9,60.1,28.8,51539,15.7,12111,26.8,15.8,18.1,4.3,331300,1227,"Stanton, CA, USA",33.79410005,-117.9951006
338,Stockton,2013,San Joaquin,0.688405797,0.652380952,"(0.65, 0.8]",Good,Good,287377,30.5,38.8,24.3,11.4,21.2,129487,111459,18028,13.9,56.2,27,47946,19.8,99376,64.7,7.1,8,5.2,276600,917,"Stockton, CA, USA",37.9577016,-121.2907796
339,Suisun City,2013,Solano,0.775510204,0.62804878,"(0.65, 0.8]",Okay,Good,27742,32.7,25.2,26.9,20.5,19,14493,13151,1342,9.3,61.6,31.3,71795,8.9,9291,83.1,2.6,3.9,5.9,341400,1320,"Suisun City, CA, USA",38.2382474,-122.040244
340,Sunnyvale,2013,Santa Clara,0.65,0.620481928,"(0.5, 0.65]",Okay,Okay,136480,35.6,16.9,37.4,2.2,39.8,75914,70911,5003,6.6,59,22.2,90174,6.2,55838,38.7,8.5,19.8,4.5,707900,1429,"Sunnyvale, CA, USA",37.3688301,-122.0363496
341,Taft,2013,Kern,0.740909091,0.761290323,"(0.65, 0.8]",Good,Good,9370,34.4,30,62.5,2.4,2.3,2876,2697,179,6.2,45.8,19.8,46324,12.9,2767,74.7,4.5,2.1,5.5,203300,652,"Taft, CA, USA",35.1424671,-119.4565078
342,Tehachapi,2013,Kern,0.695652174,0.717092338,"(0.65, 0.8]",Good,Good,14080,35,34.9,49.7,11,1.4,3813,3602,211,5.5,57,19.2,46067,14.3,3218,68,2.2,1.7,5.1,188300,776,"Tehachapi, CA, USA",35.1321878,-118.4489739
343,Temecula,2013,Riverside,0.726666667,0.609848485,"(0.65, 0.8]",Okay,Good,95829,32.8,23.9,58,3.9,9.1,48315,44088,4227,8.7,61.5,32.8,77850,8.2,32221,79.8,2.8,5,6.3,384200,1398,"Temecula, CA, USA",33.4946353,-117.1473661
344,Temple City,2013,Los Angeles,0.715384615,0.754237288,"(0.65, 0.8]",Good,Good,35222,40.6,19.1,22.3,0.4,56.6,18319,17206,1113,6.1,57.8,30.6,65668,7.1,11764,80.6,7.3,2.3,5.3,582100,1313,"Temple City, CA, USA",34.1082994,-118.0577568
345,Thousand Oaks,2013,Ventura,0.7,0.689189189,"(0.65, 0.8]",Good,Good,124671,40.2,16.5,71.4,0.9,9,65999,61835,4164,6.3,59.8,25,98713,5.1,46339,68.1,11.4,6.8,6.2,673500,1731,"Thousand Oaks, CA, USA",34.17142715,-118.9105877
346,Tracy,2013,San Joaquin,0.702531646,0.693251534,"(0.65, 0.8]",Good,Good,79416,30.7,37.9,35.3,6,14.7,39833,35433,4400,11,62.7,41.4,76753,10.4,25449,81.4,3.4,3.4,6.2,386800,1290,"Tracy, CA, USA",37.7396513,-121.4252227
347,Trinidad,2013,Humboldt,0.591463415,0.690721649,"(0.5, 0.65]",Good,Okay,259,44.8,0.8,98.5,0,0,170,159,11,6.5,71.8,20.9,48333,10.8,214,73.8,0.9,0,4.6,656300,1060,"Trinidad, CA, USA",41.059291,-124.143125
349,Truckee,2013,Nevada,0.76635514,0.800766284,"(0.65, 0.8]",Great,Good,15864,36.2,16,80.4,0.6,0.9,9933,9160,773,7.8,76.1,19.5,65351,8.6,12461,84,1.6,0.4,4.7,516300,1344,"Truckee, CA, USA",39.327962,-120.1832533
351,Tustin,2013,Orange,0.770491803,0.72815534,"(0.65, 0.8]",Good,Good,73731,33.2,37.4,36.8,2.2,20.9,40826,37618,3208,7.9,65.3,22.2,73170,9.6,26335,35.3,12.8,15.1,4.7,573100,1424,"Tustin, CA, USA",33.7458511,-117.826166
352,Twentynine Palms,2013,San Bernardino,0.586538462,0.633991537,"(0.5, 0.65]",Okay,Okay,26215,23.3,17.8,66.2,7.2,3.2,7102,6112,990,13.9,52,14.1,42027,14.2,9701,59.2,8.2,1,4.7,173100,885,"Twentynine Palms, CA, USA",34.1181,-115.9819
353,Ukiah,2013,Mendocino,0.682692308,0.701030928,"(0.65, 0.8]",Good,Good,15942,33.9,28,64.6,0.8,1.8,7237,6478,759,10.5,58.2,14.1,42657,15.5,6464,55.4,6.3,9.6,4.8,339600,921,"Ukiah, CA, USA",39.1501662,-123.2077861
354,Union City,2013,Alameda,0.761904762,0.767699115,"(0.65, 0.8]",Good,Good,68081,36.4,21.9,15.4,6.1,52.5,35681,32997,2684,7.5,61,30,83629,7.3,21411,64.2,13.4,11.3,5.8,569300,1321,"Union City, CA, USA",37.5963232,-122.0816297
355,Upland,2013,San Bernardino,0.634615385,0.60472973,"(0.5, 0.65]",Okay,Okay,73887,35.6,37.5,44.9,5.9,9,38475,34637,3838,10,62.4,27.9,67567,8.9,26553,57.3,6.4,9.7,5.6,479500,1151,"Upland, CA, USA",34.09751,-117.6483876
357,Vacaville,2013,Solano,0.653846154,0.713414634,"(0.65, 0.8]",Good,Good,91928,36.7,21.2,57.4,9.9,5.6,42953,40089,2864,6.7,65.3,27.6,70838,7,31780,71.4,3.4,5.1,5.7,377900,1256,"Vacaville, CA, USA",38.3565773,-121.9877444
358,Vallejo,2013,Solano,0.718181818,0.738589212,"(0.65, 0.8]",Good,Good,116030,37.5,21.4,25.8,21.7,24.3,59549,52396,7153,12,60.8,32.7,61481,13.9,45297,67.2,3,5.5,5.3,355300,1144,"Vallejo, CA, USA",38.1040864,-122.2566367
360,Vernon,2013,Los Angeles,0.819878086,0.735555556,"(0.8, 1.0]",Good,Great,128,30.4,89.8,3.1,0,5.5,56,53,3,5.4,31.3,34.4,38625,9.4,41,48.8,4.9,4.9,3.8,325000,855,"Vernon, CA, USA",34.007135,-118.22525
361,Victorville,2013,San Bernardino,0.790697674,0.678571429,"(0.65, 0.8]",Good,Good,108088,28.4,46.4,31.5,15,3.7,42886,36860,6026,14.1,51.7,34.1,53566,19.4,34283,79.4,0.8,3.9,6,227300,1069,"Victorville, CA, USA",34.5361067,-117.2911565
362,Villa Park,2013,Orange,0.72826087,0.669300226,"(0.65, 0.8]",Good,Good,5813,46.3,9.6,72.7,0.1,14.8,2853,2705,148,5.2,46.6,21.6,146776,2.3,1937,98.5,1.1,0,8.2,1000000,2000,"Villa Park, CA, USA",33.8147541,-117.8206235
363,Vista,2013,San Diego,0.592307692,0.573446328,"(0.5, 0.65]",Okay,Okay,92478,31.5,45.9,44.2,2.4,4,44890,40921,3969,8.8,56.4,26.4,52602,13.8,30246,50.4,7.8,10,5.2,421700,1217,"Vista, CA, USA",33.2000368,-117.2425355
364,Walnut,2013,Los Angeles,0.611111111,0.5975,"(0.5, 0.65]",Okay,Okay,29327,41.7,18.4,14.1,2.6,62.5,14859,14153,706,4.8,56.9,37.1,100182,4.9,8661,95.5,0.6,2.3,6.7,650900,1861,"Walnut, CA, USA",34.0202894,-117.8653386
365,Wasco,2013,Kern,0.59375,0.747678019,"(0.5, 0.65]",Good,Okay,25143,27.7,74.9,13.8,8,2.5,8372,7313,1059,12.6,53.9,23.7,40054,26.3,5541,75.8,3.5,2.1,5,174000,568,"Wasco, CA, USA",35.5941238,-119.3409457
366,Watsonville,2013,Santa Cruz,0.765822785,0.74301676,"(0.65, 0.8]",Good,Good,49580,29.3,78.7,15.7,0.7,3.4,24055,21400,2655,11,61.2,23.4,46675,18.7,14498,52.2,9.2,7.5,4.7,445900,1016,"Watsonville, CA, USA",36.887168,-121.7854466
368,West Covina,2013,Los Angeles,0.61627907,0.550898204,"(0.5, 0.65]",Okay,Okay,105552,35,52.1,16.6,4.1,25.7,54136,49387,4749,8.8,59.6,32.3,69587,8.7,32200,64.7,9.5,15.6,5.5,465400,1281,"West Covina, CA, USA",34.0686208,-117.9389526
369,West Hollywood,2013,Los Angeles,0.612068966,0.662337662,"(0.5, 0.65]",Good,Okay,34657,40.7,12.2,77.4,2.1,4.7,24849,22643,2206,8.9,64.4,27.2,52009,13.2,24683,9.3,2.9,38.5,3.3,656000,1201,"West Hollywood, CA, USA",34.0900091,-118.3617443
370,West Sacramento,2013,Yolo,0.729591837,0.653061224,"(0.65, 0.8]",Good,Good,45961,32.9,34.8,47.3,4.2,8.9,23593,21322,2271,9.6,64.3,22.2,53559,16.6,18287,62.7,5.4,6,5.1,293900,853,"West Sacramento, CA, USA",38.5804609,-121.530234
371,Westlake Village,2013,Los Angeles,0.745033113,0.843373494,"(0.65, 0.8]",Great,Good,8274,46.4,9.4,83.3,1.3,5.6,3754,3432,322,8.6,48.2,27.3,116213,3.4,3322,70,18.5,0.6,6.9,825700,2000,"Westlake Village, CA, USA",34.145908,-118.806152
372,Westminster,2013,Orange,0.73015873,0.723826715,"(0.65, 0.8]",Good,Good,88921,37.7,22.3,28.3,0.9,46.7,43646,39554,4092,9.4,56,26.4,57892,12.9,27851,53.9,7.4,10.6,5.1,529900,1263,"Westminster, CA, USA",33.7578725,-117.9859054
373,Whittier,2013,Los Angeles,0.722222222,0.672205438,"(0.65, 0.8]",Good,Good,84997,34.3,65.3,29.3,0.7,2.9,43221,39905,3316,7.7,60,28.6,65308,9.2,28670,65.4,3.9,8.2,5.1,512400,1091,"Whittier, CA, USA",33.9748932,-118.0336975
374,Willits,2013,Mendocino,0.457446809,0.510526316,"(0.0, 0.5]",Okay,Low,4913,37.5,21.2,73,0,0,2426,2124,302,12.4,56,18.7,40465,23.6,2153,54,4.5,9.1,5,272100,893,"Willits, CA, USA",39.4096043,-123.3555602
375,Winters,2013,Yolo,0.645454545,0.66025641,"(0.5, 0.65]",Good,Okay,6572,30.6,49.9,40.3,0,5.4,3605,3233,372,10.3,65.4,25.8,59679,9.2,2135,74.7,4.7,3.4,5.7,349300,984,"Winters, CA, USA",38.5249065,-121.9708017
376,Woodlake,2013,Tulare,0.634146341,0.554726368,"(0.5, 0.65]",Okay,Okay,7178,25.7,89.8,9.3,0,0,3080,2500,580,18.8,52.8,25.4,29417,28.2,1904,68.3,7.4,5,4.8,136600,572,"Woodlake, CA, USA",36.4135606,-119.0987176
377,Woodland,2013,Yolo,0.587719298,0.55862069,"(0.5, 0.65]",Okay,Okay,54785,34.7,43.7,45.9,1.1,6.5,27753,25291,2462,8.9,60.7,20.3,55406,11.2,20400,63.2,5.7,9.2,5.2,352100,935,"Woodland, CA, USA",38.6786109,-121.7733285
378,Woodside,2013,San Mateo,0.795620438,0.777027027,"(0.65, 0.8]",Good,Good,5237,45.9,8.2,83.5,0.2,4.6,2280,2170,110,4.8,46.9,24.7,186359,3.7,2106,95.3,2.8,0,7.8,1000000,1868,"Woodside, CA, USA",37.4299388,-122.2538557
380,Yorba Linda,2013,Orange,0.75,0.688953488,"(0.65, 0.8]",Good,Good,62915,41.5,13.3,67,1.6,14.5,33684,32167,1517,4.5,60,30.8,115279,2.3,21665,78.6,9.6,2.7,6.8,765800,1769,"Yorba Linda, CA, USA",33.890107,-117.8255939
382,Yucaipa,2013,San Bernardino,0.677777778,0.62808642,"(0.65, 0.8]",Okay,Good,50227,36.7,25.7,66.8,1.3,3.1,24654,22165,2489,10.1,56.4,28.9,57492,10.4,19348,68.7,2.8,1.1,5.5,299400,966,"Yucaipa, CA, USA",34.040931,-117.0516714
383,Yucca Valley,2013,San Bernardino,0.760869565,0.73286052,"(0.65, 0.8]",Good,Good,20290,39.8,15.1,77.7,2.5,1.7,8244,7602,642,7.8,48.2,28,45350,13.5,9716,77.4,3.1,1.3,5.2,210600,826,"Yucca Valley, CA, USA",34.1234629,-116.4140676
387,Citrus Heights,2013,Sacramento,0.642857143,0.572192513,"(0.5, 0.65]",Okay,Okay,84351,36.7,15.4,74.8,3.9,3.2,45378,40853,4525,10,62.4,25.5,53552,11.8,36118,54.9,8.8,5.6,5.2,277500,996,"Citrus Heights, CA, USA",38.7071247,-121.2810611
389,Laguna Woods,2013,Orange,0.525641026,0.619047619,"(0.5, 0.65]",Okay,Okay,16295,78,4.4,85.5,0.8,8.3,3226,2872,354,11,19.2,22.3,34192,7.4,12983,7,28.5,17,4.2,236700,1375,"Laguna Woods, CA, USA",33.6106076,-117.7249722
390,Oakley,2013,Contra Costa,0.702702703,0.660810811,"(0.65, 0.8]",Good,Good,33496,31.8,38.7,48.4,4.7,5.3,16173,14439,1734,10.7,60.2,37.3,76583,7.4,10991,91,2.1,1.7,6.3,384300,1423,"Oakley, CA, USA",37.9974219,-121.7124536
398,Elk Grove,2013,Sacramento,0.779661017,0.723636364,"(0.65, 0.8]",Good,Good,141200,33,18,38.4,10.9,25.6,72881,66993,5888,8.1,67.4,30.8,79457,8,47173,87,3,2.6,6.4,360900,1410,"Elk Grove, CA, USA",38.4087993,-121.3716178
399,Rancho Santa Margarita,2013,Orange,0.666666667,0.685534591,"(0.65, 0.8]",Good,Good,47539,34.1,15.6,69.8,1.1,10.5,25887,24560,1327,5.1,64.8,27.5,99722,3.5,16666,54.2,20.5,9.3,5.7,603900,1623,"Rancho Santa Margarita, CA, USA",33.6408845,-117.6029341
400,Aliso Viejo,2013,Orange,0.681818182,0.70212766,"(0.65, 0.8]",Good,Good,46329,35.4,17.1,62.7,3.1,13.8,28313,26743,1570,5.5,72.9,26,95498,3.7,19036,36.3,26.2,14.6,4.9,558100,1799,"Aliso Viejo, CA, USA",33.5761376,-117.7258122
402,Rancho Cordova,2013,Sacramento,0.7,0.626506024,"(0.65, 0.8]",Okay,Good,63297,32.9,20.3,52.4,9.2,12.2,32765,28733,4032,12.3,61,24.1,52521,16.3,25479,56.6,6.6,9.3,5.2,265800,947,"Rancho Cordova, CA, USA",38.5890723,-121.302728
1312,Dinuba,2016,Tulare,0.692307692,0.632768362,"(0.65, 0.8]",Okay,Good,22325,28.4,87.3,10.4,0,1.7,10306,8753,1553,15.1,53.7,24,39328,28.6,5997,72.3,2,2.7,5.1,148600,835,"Dinuba, CA, USA",36.5432837,-119.3870656
1325,Exeter,2016,Tulare,0.595238095,0.720125786,"(0.5, 0.65]",Good,Okay,10381,28,46.3,49.3,1.5,0.2,4475,3857,618,13.8,57.3,21.2,39063,29.9,3612,78.8,3,0.8,5.3,159700,848,"Exeter, CA, USA",36.2960613,-119.1420517
1327,Farmersville,2016,Tulare,0.651515152,0.806451613,"(0.65, 0.8]",Great,Good,10608,26.1,88.3,11,0,0,4609,3721,888,19.3,58.4,23.4,32384,32.9,2758,83.5,0.7,0.6,5.2,105100,728,"Farmersville, CA, USA",36.2977283,-119.2067767
1396,Lindsay,2016,Tulare,0.660377358,0.591891892,"(0.65, 0.8]",Okay,Good,12377,24.4,87.3,9.3,0.3,1.9,5303,4252,1051,19.8,53.1,20.7,31425,42.5,3166,71.2,1.8,3.6,5.2,121100,729,"Lindsay, CA, USA",36.2030064,-119.08816
1482,Porterville,2016,Tulare,0.703947368,0.619444444,"(0.65, 0.8]",Okay,Good,54534,29.6,63.2,29.1,0.7,4.6,23131,19648,3483,15.1,56.1,21.1,41905,27,17960,72.5,1.6,4.3,5.3,149100,772,"Porterville, CA, USA",36.06523,-119.0167679
1572,Tulare,2016,Tulare,0.675,0.658974359,"(0.65, 0.8]",Good,Good,59949,29.9,56.9,33.8,3.4,2.6,26624,23331,3293,12.4,54.5,19.6,45485,21.4,19020,79.8,2.1,2.7,5.4,157600,919,"Tulare, CA, USA",36.2516475,-118.852583
1587,Visalia,2016,Tulare,0.661538462,0.628676471,"(0.65, 0.8]",Okay,Good,125502,31.2,45.7,44.8,1.7,5.6,59429,52408,7021,11.8,58.3,19.9,52899,19.2,43754,74.9,3.4,3.2,5.3,177100,956,"Visalia, CA, USA",36.3302284,-119.2920585
